#----------------------------------------
# Backup Web Database 
# Version 1.0 by Gaconlonton  
# http://nina.vn  
# DATABASE:  admin_nina
# Date/Time:  Tuesday 20th  October 2015 16:57:12
#----------------------------------------

DROP TABLE IF EXISTS table_counter;
CREATE TABLE `table_counter` (  `id` int(11) NOT NULL AUTO_INCREMENT,  `tm` int(11) NOT NULL,  `ip` varchar(16) NOT NULL DEFAULT '0.0.0.0',  PRIMARY KEY (`id`)) ENGINE=MyISAM AUTO_INCREMENT=165 DEFAULT CHARSET=utf8;
INSERT INTO table_counter VALUES ('1','1359686134','127.0.0.1'), ('2','1359687053','127.0.0.1'), ('3','1359728025','127.0.0.1'), ('4','1359729858','127.0.0.1'), ('5','1359730874','127.0.0.1'), ('6','1359731807','127.0.0.1'), ('7','1359732782','127.0.0.1'), ('8','1359768867','127.0.0.1'), ('9','1361950583','127.0.0.1'), ('10','1361953904','127.0.0.1'), ('11','1362224573','127.0.0.1'), ('12','1362225479','127.0.0.1'), ('13','1362232155','127.0.0.1'), ('14','1362233937','127.0.0.1'), ('15','1362234841','127.0.0.1'), ('16','1362235835','127.0.0.1'), ('17','1362236916','127.0.0.1'), ('18','1362237903','127.0.0.1'), ('19','1362238829','127.0.0.1'), ('20','1362239777','127.0.0.1'), ('21','1362240712','127.0.0.1'), ('22','1362364410','127.0.0.1'), ('23','1362382242','127.0.0.1'), ('24','1362383175','127.0.0.1'), ('25','1362384257','127.0.0.1'), ('26','1362447262','127.0.0.1'), ('27','1362451213','127.0.0.1'), ('28','1362467933','127.0.0.1'), ('29','1364916799','127.0.0.1'), ('30','1364917833','127.0.0.1'), ('31','1364918825','127.0.0.1'), ('32','1364919786','127.0.0.1'), ('33','1364920715','127.0.0.1'), ('34','1364921653','127.0.0.1'), ('35','1364953496','127.0.0.1'), ('36','1364955036','127.0.0.1'), ('37','1364958291','127.0.0.1'), ('38','1364959764','127.0.0.1'), ('39','1364960672','127.0.0.1'), ('40','1364971599','127.0.0.1'), ('41','1364972526','127.0.0.1'), ('42','1364975090','127.0.0.1'), ('43','1364977289','127.0.0.1'), ('44','1364996762','127.0.0.1'), ('45','1364997778','127.0.0.1'), ('46','1364998679','127.0.0.1'), ('47','1364999632','127.0.0.1'), ('48','1365000544','127.0.0.1'), ('49','1365001447','127.0.0.1'), ('50','1365002368','127.0.0.1'), ('51','1365038106','127.0.0.1'), ('52','1365039066','127.0.0.1'), ('53','1365039995','127.0.0.1'), ('54','1365043971','127.0.0.1'), ('55','1365131089','127.0.0.1'), ('56','1365135368','127.0.0.1'), ('57','1365152472','127.0.0.1'), ('58','1365153396','127.0.0.1'), ('59','1365217259','127.0.0.1'), ('60','1365218204','127.0.0.1'), ('61','1365385578','127.0.0.1'), ('62','1365403968','127.0.0.1'), ('63','1365602808','127.0.0.1'), ('64','1365603802','127.0.0.1'), ('65','1365604708','127.0.0.1'), ('66','1365605633','127.0.0.1'), ('67','1365606538','127.0.0.1'), ('68','1365650338','127.0.0.1'), ('69','1365687574','127.0.0.1'), ('70','1365780168','127.0.0.1'), ('71','1365781096','127.0.0.1'), ('72','1365784981','127.0.0.1'), ('73','1367661201','127.0.0.1'), ('74','1367662143','127.0.0.1'), ('75','1367677632','127.0.0.1'), ('76','1367678624','127.0.0.1'), ('77','1367679613','127.0.0.1'), ('78','1367680526','127.0.0.1'), ('79','1367681454','127.0.0.1'), ('80','1367722809','127.0.0.1'), ('81','1367723734','127.0.0.1'), ('82','1367724634','127.0.0.1'), ('83','1367725559','127.0.0.1'), ('84','1368115461','127.0.0.1'), ('85','1368116373','127.0.0.1'), ('86','1368117342','127.0.0.1'), ('87','1368118258','127.0.0.1'), ('88','1368119420','127.0.0.1'), ('89','1368187368','127.0.0.1'), ('90','1368194400','127.0.0.1'), ('91','1368195304','127.0.0.1'), ('92','1368196331','127.0.0.1'), ('93','1368197310','127.0.0.1'), ('94','1368198215','127.0.0.1'), ('95','1368199385','127.0.0.1'), ('96','1368201432','127.0.0.1'), ('97','1368202364','127.0.0.1'), ('98','1368203269','127.0.0.1'), ('99','1368204179','127.0.0.1'), ('100','1368205091','127.0.0.1'), ('101','1368205992','127.0.0.1'), ('102','1368235499','127.0.0.1'), ('103','1368243455','127.0.0.1'), ('104','1368361034','127.0.0.1'), ('105','1368363917','127.0.0.1'), ('106','1368364842','127.0.0.1'), ('107','1368432637','127.0.0.1'), ('108','1368434162','127.0.0.1'), ('109','1368583800','127.0.0.1'), ('110','1368599935','127.0.0.1'), ('111','1368601099','127.0.0.1'), ('112','1368603133','127.0.0.1'), ('113','1368754213','127.0.0.1'), ('114','1368841439','127.0.0.1'), ('115','1369145018','127.0.0.1'), ('116','1369147012','127.0.0.1'), ('117','1369148022','127.0.0.1'), ('118','1369148956','127.0.0.1'), ('119','1369233688','127.0.0.1'), ('120','1369234596','127.0.0.1'), ('121','1369235804','127.0.0.1'), ('122','1369236842','127.0.0.1'), ('123','1370961818','127.0.0.1'), ('124','1370962780','127.0.0.1'), ('125','1370963680','127.0.0.1'), ('126','1370964625','127.0.0.1'), ('127','1370965562','127.0.0.1'), ('128','1370966584','127.0.0.1'), ('129','1371478614','127.0.0.1'), ('130','1371479537','127.0.0.1'), ('131','1371480595','127.0.0.1'), ('132','1371481509','127.0.0.1'), ('133','1371482469','127.0.0.1'), ('134','1371483373','127.0.0.1'), ('135','1371484288','127.0.0.1'), ('136','1371485192','127.0.0.1'), ('137','1371486152','127.0.0.1'), ('138','1371487184','127.0.0.1'), ('139','1371538481','127.0.0.1'), ('140','1371539385','127.0.0.1'), ('141','1371540500','127.0.0.1'), ('142','1371541425','127.0.0.1'), ('143','1371542325','127.0.0.1'), ('144','1371543636','127.0.0.1'), ('145','1371544631','127.0.0.1'), ('146','1371546015','127.0.0.1'), ('147','1371546964','127.0.0.1'), ('148','1371548076','127.0.0.1'), ('149','1371548995','127.0.0.1'), ('150','1371609566','127.0.0.1'), ('151','1371610655','127.0.0.1'), ('152','1371627518','127.0.0.1'), ('153','1371634425','127.0.0.1'), ('154','1371806929','127.0.0.1'), ('155','1371865003','127.0.0.1'), ('156','1371865957','127.0.0.1'), ('157','1373271855','127.0.0.1'), ('158','1373277474','127.0.0.1'), ('159','1373618926','127.0.0.1'), ('160','1373619912','127.0.0.1'), ('161','1373620857','127.0.0.1'), ('162','1373621934','127.0.0.1'), ('163','1374198858','127.0.0.1'), ('164','1374199780','127.0.0.1');

DROP TABLE IF EXISTS table_info;
CREATE TABLE `table_info` (  `id` int(10) unsigned NOT NULL AUTO_INCREMENT,  `id_cat` varchar(2) NOT NULL,  `ten` varchar(225) NOT NULL,  `tenkhongdau` varchar(255) NOT NULL,  `mota` text NOT NULL,  `noidung` text NOT NULL,  `title` varchar(255) NOT NULL,  `keywords` varchar(1024) NOT NULL,  `description` varchar(1024) NOT NULL,  `des_char` int(11) NOT NULL,  `is_noindex` int(11) NOT NULL,  `photo` varchar(100) NOT NULL,  `thumb` varchar(255) NOT NULL,  `stt` int(10) unsigned NOT NULL DEFAULT '1',  `hienthi` tinyint(1) NOT NULL DEFAULT '1',  `ngaytao` int(10) unsigned NOT NULL DEFAULT '0',  `ngaysua` int(10) unsigned NOT NULL DEFAULT '0',  PRIMARY KEY (`id`)) ENGINE=MyISAM AUTO_INCREMENT=5 DEFAULT CHARSET=utf8;
INSERT INTO table_info VALUES ('1','gt','Giới thiệu','gioi-thieu','Mô tả giới thiệu','<p>\r\n	Nội dung giới thiệu</p>\r\n','2','1','1','1','0','41982815.jpg','','1','1','1312536194','1339726262'), ('4','ft','Thông tin footer','footer','Trong 6 tháng đầu năm 2011, lượng tiền giả thu giữ được qua hệ thống ngân hàng, Kho bạc Nhà nước giảm so với các năm trước. ','<h2 class=\"Lead\" valign=\"top\">Trong 6 th&aacute;ng đầu năm 2011, lượng tiền giả thu giữ được qua hệ thống ng&acirc;n h&agrave;ng, Kho bạc Nh&agrave; nước giảm so với c&aacute;c năm trước. <br />\r\n<a href=\"http://vnexpress.net/gl/kinh-doanh/2006/07/3b9ec620/\" class=\"Lead\">&gt; Xuất hiện tiền 100.000 đồng polymer giả</a></h2>\r\n<table width=\"1\" cellspacing=\"0\" cellpadding=\"3\" border=\"0\" align=\"center\">\r\n    <tbody>\r\n        <tr>\r\n            <td><img width=\"450\" height=\"296\" border=\"1\" src=\"http://ebank.vnexpress.net/Files/Subject/3b/a2/d1/b5/tien-49s.jpg\" alt=\"Tiền 50.000 đồng dễ bị l&agrave;m giả nhất. Ảnh minh họa: Ho&agrave;ng H&agrave;\" /></td>\r\n        </tr>\r\n        <tr>\r\n            <td class=\"Image\">Tiền 50.000 đồng dễ bị l&agrave;m giả nhất. Ảnh minh họa: <em>Ho&agrave;ng H&agrave;</em></td>\r\n        </tr>\r\n    </tbody>\r\n</table>\r\n<p class=\"Normal\" valign=\"top\">Theo số liệu thống k&ecirc; của Ng&acirc;n h&agrave;ng Trung  ương, so với th&aacute;ng 6 năm 2010, lượng tiền giả giảm 24% v&agrave; giảm 60% so  với c&ugrave;ng kỳ năm 2009. Bị l&agrave;m giả nhiều nhất vẫn l&agrave; tiền polymer, chiếm  97%. Trong số n&agrave;y, 44% l&agrave; mệnh gi&aacute; 50.000 đồng v&agrave; 28% mệnh gi&aacute; 100.000  đồng bị l&agrave;m nh&aacute;i.</p>\r\n<p class=\"Normal\" valign=\"top\">Theo khuyến c&aacute;o của Ng&acirc;n h&agrave;ng Nh&agrave; nước, hiện nay, c&aacute;c loại tiền polymer giả đều dễ d&agrave;ng nhận diện bằng tay, mắt.</p>\r\n<p class=\"Normal\" valign=\"top\">Để ph&acirc;n biệt, người d&acirc;n n&ecirc;n ch&uacute; &yacute; đến c&aacute;c  yếu tố bảo an như h&igrave;nh b&oacute;ng ch&igrave;m, d&acirc;y bảo hiểm, in l&otilde;m, mực đổi m&agrave;u...  Ngo&agrave;i ra, c&aacute;ch ph&acirc;n biệt tiền giả với tiền thật l&agrave; k&eacute;o, x&eacute; nhẹ ở cạnh tờ  bạc. Tiền giả in bằng chất liệu nylon n&ecirc;n dễ bai gi&atilde;n, r&aacute;ch so với tiền  thật.</p>\r\n<p align=\"right\" class=\"Normal\" valign=\"top\"><strong>Tuệ Minh</strong></p>','','','','0','0','80369196.jpg','','1','1','1312536318','1339726253'), ('2','td','Tuyển dụng','tuyen-dung','TT - Từ mức 22.600 đồng/USD mà doanh nghiệp phải trả ở thời kỳ đỉnh điểm hồi đầu năm xuống còn trên 20.600 đồng/USD hiện nay, tỉ giá đã giảm được gần 8,85%. ','<p class=\"pHead\">TT - Từ mức 22.600 đồng/USD m&agrave; doanh nghiệp phải trả ở thời kỳ đỉnh điểm hồi đầu năm xuống c&ograve;n tr&ecirc;n 20.600 đồng/USD hiện nay, tỉ gi&aacute; đ&atilde; giảm được gần 8,85%.</p>\r\n<p class=\"pBody\">Sau nhiều th&aacute;ng tr&igrave; ho&atilde;n với l&yacute; do phải c&oacute; &ldquo;độ trễ&rdquo;, một số nh&agrave; cung cấp đ&atilde; chịu giảm gi&aacute; b&aacute;n v&agrave;i mặt h&agrave;ng ti&ecirc;u d&ugrave;ng.</p>\r\n<p class=\"pHead\">&nbsp;</p>\r\n<table class=\"tLegend\" style=\"border-collapse: separate; width: 40px;\" border=\"0\" cellspacing=\"2\" cellpadding=\"0\" align=\"center\">\r\n<tbody>\r\n<tr>\r\n<td><img class=\"lImage\" src=\"http://images1.tuoitre.vn/tianyon/ImageView.aspx?ThumbnailID=512032\" alt=\"\" border=\"1\" hspace=\"0\" /></td>\r\n</tr>\r\n<tr>\r\n<td>Thị trường thấp điểm c&agrave;ng đẩy doanh nghiệp kinh doanh h&agrave;ng điện m&aacute;y phải t&iacute;nh to&aacute;n lại gi&aacute; b&aacute;n trong bối cảnh tỉ gi&aacute; USD/VND giảm hơn hai th&aacute;ng qua Ảnh: M.ĐỨC</td>\r\n</tr>\r\n</tbody>\r\n</table>\r\n<p class=\"pHead\" align=\"center\">&nbsp;</p>\r\n<p class=\"pBody\">C&ugrave;ng với sức &eacute;p từ gi&aacute; USD, c&aacute;c yếu tố cạnh tranh, k&iacute;ch cầu ti&ecirc;u thụ cũng khiến doanh nghiệp kinh doanh h&agrave;ng nhập khẩu phải t&iacute;nh to&aacute;n lại phương &aacute;n gi&aacute; b&aacute;n.</p>\r\n<p class=\"pInterTitle\">Chủ động giảm gi&aacute;</p>\r\n<p class=\"pBody\">Đa số si&ecirc;u thị, cửa h&agrave;ng chuy&ecirc;n b&aacute;n đồ điện tử ở TP.HCM cho biết gi&aacute; c&aacute;c mặt h&agrave;ng n&agrave;y biến động từng ng&agrave;y. Nguy&ecirc;n nh&acirc;n do c&aacute;c nh&agrave; cung cấp chủ động điều chỉnh gi&aacute; tăng/giảm t&ugrave;y mặt h&agrave;ng, hoặc để cạnh tranh với c&aacute;c nh&agrave; ph&acirc;n phối kh&aacute;c dựa tr&ecirc;n tỉ gi&aacute; USD ni&ecirc;m yết đầu ng&agrave;y. Nh&acirc;n vi&ecirc;n một si&ecirc;u thị m&aacute;y t&iacute;nh v&agrave; h&agrave;ng điện tử tr&ecirc;n đường Nguyễn Thị Minh Khai, Q.1, TP.HCM cho biết rất kh&oacute; để rạch r&ograve;i gi&aacute; c&aacute;c sản phẩm đ&atilde; được điều chỉnh theo mức tỉ gi&aacute; hiện nay so với thời kỳ đỉnh điểm tr&ecirc;n 22.600 đồng/USD, bởi một số mặt h&agrave;ng giảm kh&aacute; mạnh do gi&aacute; h&agrave;ng nhập khẩu giảm.</p>\r\n<p class=\"pBody\">Chẳng hạn một chiếc tai nghe d&ugrave;ng cho m&aacute;y t&iacute;nh, mp3... nhập khẩu từ Trung Quốc hồi đầu năm c&oacute; gi&aacute; 120.000 đồng hiện chỉ c&ograve;n khoảng 106.000 đồng, giảm hơn 10.000 đồng/sản phẩm so với mức gi&aacute; đưa ra so s&aacute;nh hồi đầu năm. Theo những người b&aacute;n, gi&aacute; b&aacute;n giảm chủ yếu ở mặt h&agrave;ng linh kiện điện tử, điện thoại di động...</p>\r\n<p class=\"pBody\">Trong khi đ&oacute;, hiện một số doanh nghiệp nhập khẩu thực phẩm đ&atilde; chủ động giảm gi&aacute; b&aacute;n sỉ sau khi tr&igrave; ho&atilde;n một thời gian kh&aacute; d&agrave;i. H&agrave;ng nhập trong th&aacute;ng 4, th&aacute;ng 5 vừa qua đang được c&aacute;c doanh nghiệp đưa ra thị trường. Tại chợ đầu mối n&ocirc;ng sản thực phẩm B&igrave;nh Điền (Q.8, TP.HCM), gi&aacute; b&aacute;n sỉ mặt h&agrave;ng thịt heo đ&ocirc;ng lạnh, thịt g&agrave; đ&ocirc;ng lạnh đ&atilde; giảm 5.000-7.000 đồng/kg so với hồi đầu năm. &Ocirc;ng Đo&agrave;n Ngọc Thơ, gi&aacute;m đốc C&ocirc;ng ty THO (TP.HCM), cho biết tr&ecirc;n thực tế gi&aacute; b&aacute;n sỉ hiện nay đ&atilde; giảm khoảng 15% so với cuối th&aacute;ng 6-2011.</p>\r\n<p class=\"pBody\">&ldquo;Tỉ gi&aacute; chỉ giảm được 7-8% nếu t&iacute;nh theo ch&ecirc;nh lệch tỉ gi&aacute; hiện nay với tỉ gi&aacute; tr&ecirc;n thị trường tự do ở những l&uacute;c cao nhất, hơn nữa doanh nghiệp cũng thường xuy&ecirc;n mua được USD từ ng&acirc;n h&agrave;ng n&ecirc;n mức giảm gi&aacute; như tr&ecirc;n kh&ocirc;ng ho&agrave;n to&agrave;n nhờ tỉ gi&aacute; m&agrave; c&ograve;n do doanh nghiệp chủ động&rdquo; - &ocirc;ng Thơ cho biết. Theo c&aacute;c doanh nghiệp, mặt h&agrave;ng thực phẩm nhập khẩu đang c&oacute; nhiều yếu tố để giảm gi&aacute;. Nếu doanh nghiệp vẫn &ldquo;neo&rdquo; gi&aacute; ở mức cao như trước sẽ rất dễ mất thị trường.</p>\r\n<p class=\"pInterTitle\">Gi&aacute; c&oacute; giảm khi đến tay người ti&ecirc;u d&ugrave;ng?</p>\r\n<p class=\"pBody\">Tương tự, c&aacute;c mặt h&agrave;ng n&ocirc;ng sản, mỹ phẩm, nước uống được nhiều nh&agrave; nhập khẩu khẳng định đ&atilde; giảm gi&aacute;. &Ocirc;ng Nguyễn Vũ, chuy&ecirc;n kinh doanh h&agrave;ng h&oacute;a mỹ phẩm nhập khẩu từ Malaysia về TP.HCM, cho biết do trước đ&acirc;y gần như phải mua to&agrave;n bộ USD ở thị trường tự do để nhập h&agrave;ng n&ecirc;n khi gi&aacute; USD giảm lại, chắc chắn gi&aacute; b&aacute;n trong nước phải giảm theo.</p>\r\n<p class=\"pBody\">Tuy nhi&ecirc;n, gần đ&acirc;y chi ph&iacute; vận chuyển tăng n&ecirc;n khi bỏ sỉ chỉ giảm được khoảng 4-5% gi&aacute; c&aacute;c loại sữa tắm, dầu gội... so với mức gi&aacute; trung b&igrave;nh của qu&yacute; 1 năm nay, trong khi bỏ sỉ cho c&aacute;c cửa h&agrave;ng tạp h&oacute;a, c&aacute;c sạp h&oacute;a mỹ phẩm tại chợ lẻ lại kh&ocirc;ng thể kiểm so&aacute;t được gi&aacute; b&aacute;n lẻ đến tay người ti&ecirc;u d&ugrave;ng c&oacute; giảm hay kh&ocirc;ng.</p>\r\n<p class=\"pBody\">Ri&ecirc;ng đồ chơi trẻ em - mặt h&agrave;ng c&oacute; tới hơn 90% nguồn gốc nhập khẩu - theo nhận định của c&aacute;c tiểu thương &ldquo;gi&aacute; b&aacute;n đ&atilde; được điều chỉnh đ&aacute;ng kể&rdquo;. B&agrave; Thu Lệ, b&aacute;n h&agrave;ng đồ chơi trẻ em ở chợ B&igrave;nh T&acirc;y (Q.6), cho biết c&aacute;c nh&agrave; cung cấp đồ chơi trẻ em đ&atilde; chủ động giảm gi&aacute; nhiều loại &ocirc;t&ocirc;, xe m&ocirc; h&igrave;nh, th&uacute; nhồi b&ocirc;ng... từ gần một th&aacute;ng nay với mức gi&aacute; b&aacute;n sỉ v&agrave; b&aacute;n lẻ đều được giảm 2.000-3.000 đồng/sản phẩm đối với những loại đồ chơi c&oacute; gi&aacute; dưới 50.000 đồng/sản phẩm. C&aacute;c loại đồ chơi gi&aacute; cao hơn cũng giảm 6-7% gi&aacute; b&aacute;n.</p>\r\n<p class=\"pAuthor\">BẠCH HO&Agrave;N - TRẦN VŨ NGHI</p>','','','','0','0','34261754.jpg','','1','1','1312536264','1348315403'), ('3','lh','Thông tin liên hệ','lien-he','Trong 6 tháng đầu năm 2011, lượng tiền giả thu giữ được qua hệ thống ngân hàng, Kho bạc Nhà nước giảm so với các năm trước. ','<h2 class=\"Lead\" valign=\"top\">Trong 6 th&aacute;ng đầu năm 2011, lượng tiền giả thu giữ được qua hệ thống ng&acirc;n h&agrave;ng, Kho bạc Nh&agrave; nước giảm so với c&aacute;c năm trước. <br />\r\n<a href=\"http://vnexpress.net/gl/kinh-doanh/2006/07/3b9ec620/\" class=\"Lead\">&gt; Xuất hiện tiền 100.000 đồng polymer giả</a></h2>\r\n<table width=\"1\" cellspacing=\"0\" cellpadding=\"3\" border=\"0\" align=\"center\">\r\n    <tbody>\r\n        <tr>\r\n            <td><img width=\"450\" height=\"296\" border=\"1\" src=\"http://ebank.vnexpress.net/Files/Subject/3b/a2/d1/b5/tien-49s.jpg\" alt=\"Tiền 50.000 đồng dễ bị l&agrave;m giả nhất. Ảnh minh họa: Ho&agrave;ng H&agrave;\" /></td>\r\n        </tr>\r\n        <tr>\r\n            <td class=\"Image\">Tiền 50.000 đồng dễ bị l&agrave;m giả nhất. Ảnh minh họa: <em>Ho&agrave;ng H&agrave;</em></td>\r\n        </tr>\r\n    </tbody>\r\n</table>\r\n<p class=\"Normal\" valign=\"top\">Theo số liệu thống k&ecirc; của Ng&acirc;n h&agrave;ng Trung  ương, so với th&aacute;ng 6 năm 2010, lượng tiền giả giảm 24% v&agrave; giảm 60% so  với c&ugrave;ng kỳ năm 2009. Bị l&agrave;m giả nhiều nhất vẫn l&agrave; tiền polymer, chiếm  97%. Trong số n&agrave;y, 44% l&agrave; mệnh gi&aacute; 50.000 đồng v&agrave; 28% mệnh gi&aacute; 100.000  đồng bị l&agrave;m nh&aacute;i.</p>\r\n<p class=\"Normal\" valign=\"top\">Theo khuyến c&aacute;o của Ng&acirc;n h&agrave;ng Nh&agrave; nước, hiện nay, c&aacute;c loại tiền polymer giả đều dễ d&agrave;ng nhận diện bằng tay, mắt.</p>\r\n<p class=\"Normal\" valign=\"top\">Để ph&acirc;n biệt, người d&acirc;n n&ecirc;n ch&uacute; &yacute; đến c&aacute;c  yếu tố bảo an như h&igrave;nh b&oacute;ng ch&igrave;m, d&acirc;y bảo hiểm, in l&otilde;m, mực đổi m&agrave;u...  Ngo&agrave;i ra, c&aacute;ch ph&acirc;n biệt tiền giả với tiền thật l&agrave; k&eacute;o, x&eacute; nhẹ ở cạnh tờ  bạc. Tiền giả in bằng chất liệu nylon n&ecirc;n dễ bai gi&atilde;n, r&aacute;ch so với tiền  thật.</p>\r\n<p align=\"right\" class=\"Normal\" valign=\"top\"><strong>Tuệ Minh</strong></p>','','','','0','0','80369196.jpg','','1','1','1312536318','1339726253');

DROP TABLE IF EXISTS table_lkweb;
CREATE TABLE `table_lkweb` (  `id` int(10) unsigned NOT NULL AUTO_INCREMENT,  `ten` varchar(225) NOT NULL,  `stt` int(10) unsigned NOT NULL DEFAULT '1',  `hienthi` tinyint(1) NOT NULL DEFAULT '1',  `url` varchar(250) NOT NULL,  `image` varchar(100) NOT NULL,  `ngaytao` int(11) NOT NULL,  `ngaysua` int(11) NOT NULL,  PRIMARY KEY (`id`)) ENGINE=MyISAM AUTO_INCREMENT=22 DEFAULT CHARSET=utf8;
INSERT INTO table_lkweb VALUES ('13','Google','3','1','http://www.google.com.vn','','0','0'), ('20','Game','2','1','http://www.gameviet.vn','','0','0'), ('21','Thiết kế website nina','1','1','http://nina.vn','','1417079958','1418983826');

DROP TABLE IF EXISTS table_menu_admin;
CREATE TABLE `table_menu_admin` (  `id` int(11) NOT NULL AUTO_INCREMENT,  `id_parent` int(11) NOT NULL,  `ten` varchar(255) NOT NULL,  `com` varchar(255) NOT NULL,  `act` varchar(255) NOT NULL,  `id_item` varchar(255) NOT NULL,  `stt` int(11) NOT NULL,  `hienthi` int(11) NOT NULL,  `ngaytao` int(11) NOT NULL,  `ngaysua` int(11) NOT NULL,  PRIMARY KEY (`id`)) ENGINE=MyISAM DEFAULT CHARSET=utf8;

DROP TABLE IF EXISTS table_online;
CREATE TABLE `table_online` (  `session` char(100) NOT NULL DEFAULT '',  `time` int(11) NOT NULL DEFAULT '0',  `ip` varchar(255) NOT NULL) ENGINE=MyISAM DEFAULT CHARSET=utf8;
INSERT INTO table_online VALUES ('453fb6705c9a80d6a369c73b7ea54af8','1374199975','127.0.0.1');

DROP TABLE IF EXISTS table_order;
CREATE TABLE `table_order` (  `id` int(11) NOT NULL AUTO_INCREMENT,  `madonhang` varchar(20) NOT NULL,  `hoten` varchar(255) NOT NULL,  `dienthoai` varchar(255) NOT NULL,  `diachi` varchar(255) NOT NULL,  `email` varchar(255) NOT NULL,  `httt` int(11) NOT NULL,  `tonggia` int(11) NOT NULL,  `noidung` text NOT NULL,  `ghichu` text NOT NULL,  `ngaytao` int(11) NOT NULL,  `trangthai` int(11) NOT NULL,  PRIMARY KEY (`id`)) ENGINE=MyISAM AUTO_INCREMENT=7 DEFAULT CHARSET=utf8;
INSERT INTO table_order VALUES ('4','1002051114','Nguyễn Xuân Linh','0932129225','CV Phần mềm Quang Trung','nguyenxuanlinh2503@gmail.com','0','390000','','','1415198410','1'), ('5','1001061214','Trần văn A','0915353937','Trần van cuu, Dinh Quán, Binh Binh','trongnguyen@g5design.vn','0','260000','','aa','1417837688','4');

DROP TABLE IF EXISTS table_order_detail;
CREATE TABLE `table_order_detail` (  `id` int(11) NOT NULL AUTO_INCREMENT,  `id_product` int(11) NOT NULL,  `id_order` int(11) NOT NULL,  `ten` varchar(255) NOT NULL,  `gia` int(11) NOT NULL,  `soluong` int(11) NOT NULL,  PRIMARY KEY (`id`)) ENGINE=MyISAM AUTO_INCREMENT=3 DEFAULT CHARSET=utf8;
INSERT INTO table_order_detail VALUES ('1','2','5','Áo thun cá sấu','130000','2'), ('2','3','5','Áo thun nam','80000','4');

DROP TABLE IF EXISTS table_photo;
CREATE TABLE `table_photo` (  `id` int(10) unsigned NOT NULL AUTO_INCREMENT,  `id_vitri` int(11) NOT NULL,  `photo` varchar(225) NOT NULL,  `ten` varchar(100) CHARACTER SET utf8 COLLATE utf8_unicode_ci NOT NULL,  `link` varchar(255) NOT NULL,  `mota` text NOT NULL,  `stt` int(10) unsigned NOT NULL DEFAULT '1',  `hienthi` tinyint(1) NOT NULL DEFAULT '1',  `com` varchar(30) NOT NULL,  PRIMARY KEY (`id`)) ENGINE=MyISAM AUTO_INCREMENT=24 DEFAULT CHARSET=utf8;
INSERT INTO table_photo VALUES ('23','0','2022037794182350.jpg','sgfd','gdfg','','1','1','slider'), ('4','0','737.swf','','','','1','1','banner_top'), ('7','0','61910.swf','','','','1','1','banner_giua'), ('13','0','6407029.jpg','hình 1','','','1','1','banner_phai'), ('14','0','479560953958828.png','hình 2','','','1','1','doitac'), ('15','0','547171280500750.jpg','hình 3','','','1','1','doitac'), ('18','0','142759445620373.png','hình 4','','','1','1','doitac'), ('19','0','000216218941617.jpg','hình 5','','','1','1','doitac');

DROP TABLE IF EXISTS table_place_country;
CREATE TABLE `table_place_country` (  `id` int(11) NOT NULL AUTO_INCREMENT,  `ten` varchar(255) NOT NULL,  `stt` int(11) NOT NULL,  `hienthi` int(11) NOT NULL,  `ngaytao` int(11) NOT NULL,  `ngaysua` int(11) NOT NULL,  PRIMARY KEY (`id`)) ENGINE=MyISAM AUTO_INCREMENT=2 DEFAULT CHARSET=utf8;
INSERT INTO table_place_country VALUES ('1','Việt Nam','1','1','1433816723','1433816846');

DROP TABLE IF EXISTS table_place_district;
CREATE TABLE `table_place_district` (  `id` int(11) NOT NULL AUTO_INCREMENT,  `ten` varchar(255) NOT NULL,  `type` varchar(30) NOT NULL,  `location` varchar(30) NOT NULL,  `id_country` int(11) NOT NULL,  `id_province` int(11) NOT NULL,  `stt` int(11) NOT NULL,  `hienthi` int(11) NOT NULL,  `ngaytao` int(11) NOT NULL,  `ngaysua` int(11) NOT NULL,  PRIMARY KEY (`id`)) ENGINE=InnoDB AUTO_INCREMENT=974 DEFAULT CHARSET=utf8;
INSERT INTO table_place_district VALUES ('1','Ba Đình','Quận','21 02 08N, 105 49 38E','1','1','0','1','0','0'), ('2','Hoàn Kiếm','Quận','21 01 53N, 105 51 09E','1','1','0','1','0','0'), ('3','Tây Hồ','Quận','21 04 10N, 105 49 07E','1','1','0','1','0','0'), ('4','Long Biên','Quận','21 02 21N, 105 53 07E','1','1','0','1','0','0'), ('5','Cầu Giấy','Quận','21 01 52N, 105 47 20E','1','1','0','1','0','0'), ('6','Đống Đa','Quận','21 00 56N, 105 49 06E','1','1','0','1','0','0'), ('7','Hai Bà Trưng','Quận','21 00 27N, 105 51 35E','1','1','0','1','0','0'), ('8','Hoàng Mai','Quận','20 58 33N, 105 51 22E','1','1','0','1','0','0'), ('9','Thanh Xuân','Quận','20 59 44N, 105 48 56E','1','1','0','1','0','0'), ('16','Sóc Sơn','Huyện','21 16 55N, 105 49 46E','1','1','0','1','0','0'), ('17','Đông Anh','Huyện','21 08 16N, 105 49 38E','1','1','0','1','0','0'), ('18','Gia Lâm','Huyện','21 01 28N, 105 56 54E','1','1','0','1','0','0'), ('19','Từ Liêm','Huyện','21 02 39N, 105 45 32E','1','1','0','1','0','0'), ('20','Thanh Trì','Huyện','20 56 32N, 105 50 55E','1','1','0','1','0','0'), ('24','Hà Giang','Thị Xã','22 46 23N, 105 02 39E','1','2','0','1','0','0'), ('26','Đồng Văn','Huyện','23 14 34N, 105 15 48E','1','2','0','1','0','0'), ('27','Mèo Vạc','Huyện','23 09 10N, 105 26 38E','1','2','0','1','0','0'), ('28','Yên Minh','Huyện','23 04 20N, 105 10 13E','1','2','0','1','0','0'), ('29','Quản Bạ','Huyện','23 04 03N, 104 58 05E','1','2','0','1','0','0'), ('30','Vị Xuyên','Huyện','22 45 50N, 104 56 26E','1','2','0','1','0','0'), ('31','Bắc Mê','Huyện','22 45 48N, 105 16 26E','1','2','0','1','0','0'), ('32','Hoàng Su Phì','Huyện','22 41 37N, 104 40 06E','1','2','0','1','0','0'), ('33','Xín Mần','Huyện','22 38 05N, 104 28 35E','1','2','0','1','0','0'), ('34','Bắc Quang','Huyện','22 23 42N, 104 55 06E','1','2','0','1','0','0'), ('35','Quang Bình','Huyện','22 23 07N, 104 37 11E','1','2','0','1','0','0'), ('40','Cao Bằng','Thị Xã','22 39 20N, 106 15 20E','1','4','0','1','0','0'), ('42','Bảo Lâm','Huyện','22 52 37N, 105 27 28E','1','4','0','1','0','0'), ('43','Bảo Lạc','Huyện','22 52 31N, 105 42 41E','1','4','0','1','0','0'), ('44','Thông Nông','Huyện','22 49 09N, 105 57 05E','1','4','0','1','0','0'), ('45','Hà Quảng','Huyện','22 53 42N, 106 06 32E','1','4','0','1','0','0'), ('46','Trà Lĩnh','Huyện','22 48 14N, 106 19 47E','1','4','0','1','0','0'), ('47','Trùng Khánh','Huyện','22 49 31N, 106 33 58E','1','4','0','1','0','0'), ('48','Hạ Lang','Huyện','22 42 37N, 106 41 42E','1','4','0','1','0','0'), ('49','Quảng Uyên','Huyện','22 40 15N, 106 27 42E','1','4','0','1','0','0'), ('50','Phục Hoà','Huyện','22 33 52N, 106 30 02E','1','4','0','1','0','0'), ('51','Hoà An','Huyện','22 41 20N, 106 02 05E','1','4','0','1','0','0'), ('52','Nguyên Bình','Huyện','22 38 52N, 105 57 02E','1','4','0','1','0','0'), ('53','Thạch An','Huyện','22 28 51N, 106 19 51E','1','4','0','1','0','0'), ('58','Bắc Kạn','Thị Xã','22 08 00N, 105 51 10E','1','6','0','1','0','0'), ('60','Pác Nặm','Huyện','22 35 46N, 105 40 25E','1','6','0','1','0','0'), ('61','Ba Bể','Huyện','22 23 54N, 105 43 30E','1','6','0','1','0','0'), ('62','Ngân Sơn','Huyện','22 25 50N, 106 01 00E','1','6','0','1','0','0'), ('63','Bạch Thông','Huyện','22 12 04N, 105 51 01E','1','6','0','1','0','0'), ('64','Chợ Đồn','Huyện','22 11 18N, 105 34 43E','1','6','0','1','0','0'), ('65','Chợ Mới','Huyện','21 57 56N, 105 51 29E','1','6','0','1','0','0'), ('66','Na Rì','Huyện','22 09 48N, 106 05 09E','1','6','0','1','0','0'), ('70','Tuyên Quang','Thị Xã','21 49 40N, 105 13 12E','1','8','0','1','0','0'), ('72','Nà Hang','Huyện','22 28 34N, 105 21 03E','1','8','0','1','0','0'), ('73','Chiêm Hóa','Huyện','22 12 49N, 105 14 32E','1','8','0','1','0','0'), ('74','Hàm Yên','Huyện','22 05 46N, 105 00 13E','1','8','0','1','0','0'), ('75','Yên Sơn','Huyện','21 51 53N, 105 18 14E','1','8','0','1','0','0'), ('76','Sơn Dương','Huyện','21 40 22N, 105 22 57E','1','8','0','1','0','0'), ('80','Lào Cai','Thành Phố','22 25 07N, 103 58 43E','1','10','0','1','0','0'), ('82','Bát Xát','Huyện','22 35 50N, 103 44 49E','1','10','0','1','0','0'), ('83','Mường Khương','Huyện','22 41 05N, 104 08 26E','1','10','0','1','0','0'), ('84','Si Ma Cai','Huyện','22 39 46N, 104 16 05E','1','10','0','1','0','0'), ('85','Bắc Hà','Huyện','22 30 08N, 104 18 54E','1','10','0','1','0','0'), ('86','Bảo Thắng','Huyện','22 22 47N, 104 10 00E','1','10','0','1','0','0'), ('87','Bảo Yên','Huyện','22 17 38N, 104 25 02E','1','10','0','1','0','0'), ('88','Sa Pa','Huyện','22 18 54N, 103 54 18E','1','10','0','1','0','0'), ('89','Văn Bàn','Huyện','22 03 48N, 104 10 59E','1','10','0','1','0','0'), ('94','Điện Biên Phủ','Thành Phố','21 24 52N, 103 02 31E','1','11','0','1','0','0'), ('95','Mường Lay','Thị Xã','22 01 47N, 103 07 10E','1','11','0','1','0','0'), ('96','Mường Nhé','Huyện','22 06 11N, 102 30 54E','1','11','0','1','0','0'), ('97','Mường Chà','Huyện','21 50 31N, 103 03 15E','1','11','0','1','0','0'), ('98','Tủa Chùa','Huyện','21 58 19N, 103 23 01E','1','11','0','1','0','0'), ('99','Tuần Giáo','Huyện','21 38 03N, 103 21 06E','1','11','0','1','0','0'), ('100','Điện Biên','Huyện','21 15 19N, 103 03 19E','1','11','0','1','0','0'), ('101','Điện Biên Đông','Huyện','21 14 07N, 103 15 19E','1','11','0','1','0','0'), ('102','Mường Ảng','Huyện','','1','11','0','1','0','0'), ('104','Lai Châu','Thị Xã','22 23 15N, 103 24 22E','1','12','0','1','0','0'), ('106','Tam Đường','Huyện','22 20 16N, 103 32 53E','1','12','0','1','0','0'), ('107','Mường Tè','Huyện','22 24 16N, 102 43 11E','1','12','0','1','0','0'), ('108','Sìn Hồ','Huyện','22 17 21N, 103 18 12E','1','12','0','1','0','0'), ('109','Phong Thổ','Huyện','22 38 24N, 103 22 38E','1','12','0','1','0','0'), ('110','Than Uyên','Huyện','21 59 35N, 103 45 30E','1','12','0','1','0','0'), ('111','Tân Uyên','Huyện','','1','12','0','1','0','0'), ('116','Sơn La','Thành Phố','21 20 39N, 103 54 52E','1','14','0','1','0','0'), ('118','Quỳnh Nhai','Huyện','21 46 34N, 103 39 02E','1','14','0','1','0','0'), ('119','Thuận Châu','Huyện','21 24 54N, 103 39 46E','1','14','0','1','0','0'), ('120','Mường La','Huyện','21 31 38N, 104 02 48E','1','14','0','1','0','0'), ('121','Bắc Yên','Huyện','21 13 23N, 104 22 09E','1','14','0','1','0','0'), ('122','Phù Yên','Huyện','21 13 33N, 104 41 51E','1','14','0','1','0','0'), ('123','Mộc Châu','Huyện','20 49 21N, 104 43 10E','1','14','0','1','0','0'), ('124','Yên Châu','Huyện','20 59 33N, 104 19 51E','1','14','0','1','0','0'), ('125','Mai Sơn','Huyện','21 10 08N, 103 59 36E','1','14','0','1','0','0'), ('126','Sông Mã','Huyện','21 06 04N, 103 43 56E','1','14','0','1','0','0'), ('127','Sốp Cộp','Huyện','20 52 46N, 103 30 38E','1','14','0','1','0','0'), ('132','Yên Bái','Thành Phố','21 44 28N, 104 53 42E','1','15','0','1','0','0'), ('133','Nghĩa Lộ','Thị Xã','21 35 58N, 104 29 22E','1','15','0','1','0','0'), ('135','Lục Yên','Huyện','22 06 44N, 104 43 12E','1','15','0','1','0','0'), ('136','Văn Yên','Huyện','21 55 55N, 104 33 51E','1','15','0','1','0','0'), ('137','Mù Cang Chải','Huyện','21 48 22N, 104 09 01E','1','15','0','1','0','0'), ('138','Trấn Yên','Huyện','21 42 20N, 104 48 56E','1','15','0','1','0','0'), ('139','Trạm Tấu','Huyện','21 30 40N, 104 28 03E','1','15','0','1','0','0'), ('140','Văn Chấn','Huyện','21 34 15N, 104 35 19E','1','15','0','1','0','0'), ('141','Yên Bình','Huyện','21 52 24N, 104 55 16E','1','15','0','1','0','0'), ('148','Hòa Bình','Thành Phố','20 50 36N, 105 19 20E','1','17','0','1','0','0'), ('150','Đà Bắc','Huyện','20 55 58N, 105 04 52E','1','17','0','1','0','0'), ('151','Kỳ Sơn','Huyện','20 54 06N, 105 23 18E','1','17','0','1','0','0'), ('152','Lương Sơn','Huyện','20 53 16N, 105 30 55E','1','17','0','1','0','0'), ('153','Kim Bôi','Huyện','20 40 34N, 105 32 15E','1','17','0','1','0','0'), ('154','Cao Phong','Huyện','20 41 23N, 105 17 48E','1','17','0','1','0','0'), ('155','Tân Lạc','Huyện','20 36 44N, 105 15 03E','1','17','0','1','0','0'), ('156','Mai Châu','Huyện','20 40 56N, 104 59 46E','1','17','0','1','0','0'), ('157','Lạc Sơn','Huyện','20 29 59N, 105 24 57E','1','17','0','1','0','0'), ('158','Yên Thủy','Huyện','20 25 42N, 105 37 59E','1','17','0','1','0','0'), ('159','Lạc Thủy','Huyện','20 29 12N, 105 44 06E','1','17','0','1','0','0'), ('164','Thái Nguyên','Thành Phố','21 33 20N, 105 48 26E','1','19','0','1','0','0'), ('165','Sông Công','Thị Xã','21 29 14N, 105 48 47E','1','19','0','1','0','0'), ('167','Định Hóa','Huyện','21 53 50N, 105 38 01E','1','19','0','1','0','0'), ('168','Phú Lương','Huyện','21 45 57N, 105 43 22E','1','19','0','1','0','0'), ('169','Đồng Hỷ','Huyện','21 41 10N, 105 55 43E','1','19','0','1','0','0'), ('170','Võ Nhai','Huyện','21 47 14N, 106 02 29E','1','19','0','1','0','0'), ('171','Đại Từ','Huyện','21 36 17N, 105 37 28E','1','19','0','1','0','0'), ('172','Phổ Yên','Huyện','21 27 08N, 105 45 19E','1','19','0','1','0','0'), ('173','Phú Bình','Huyện','21 29 36N, 105 57 42E','1','19','0','1','0','0'), ('178','Lạng Sơn','Thành Phố','21 51 19N, 106 44 50E','1','20','0','1','0','0'), ('180','Tràng Định','Huyện','22 18 09N, 106 26 32E','1','20','0','1','0','0'), ('181','Bình Gia','Huyện','22 03 56N, 106 19 01E','1','20','0','1','0','0'), ('182','Văn Lãng','Huyện','22 01 59N, 106 34 17E','1','20','0','1','0','0'), ('183','Cao Lộc','Huyện','21 53 05N, 106 50 34E','1','20','0','1','0','0'), ('184','Văn Quan','Huyện','21 51 04N, 106 33 04E','1','20','0','1','0','0'), ('185','Bắc Sơn','Huyện','21 48 57N, 106 15 28E','1','20','0','1','0','0'), ('186','Hữu Lũng','Huyện','21 34 33N, 106 20 33E','1','20','0','1','0','0'), ('187','Chi Lăng','Huyện','21 40 05N, 106 37 24E','1','20','0','1','0','0'), ('188','Lộc Bình','Huyện','21 40 41N, 106 58 12E','1','20','0','1','0','0'), ('189','Đình Lập','Huyện','21 32 07N, 107 07 25E','1','20','0','1','0','0'), ('193','Hạ Long','Thành Phố','20 52 24N, 107 05 23E','1','22','0','1','0','0'), ('194','Móng Cái','Thành Phố','21 26 31N, 107 55 09E','1','22','0','1','0','0'), ('195','Cẩm Phả','Thị Xã','21 03 42N, 107 17 22E','1','22','0','1','0','0'), ('196','Uông Bí','Thị Xã','21 04 33N, 106 45 07E','1','22','0','1','0','0'), ('198','Bình Liêu','Huyện','21 33 07N, 107 26 24E','1','22','0','1','0','0'), ('199','Tiên Yên','Huyện','21 22 24N, 107 22 50E','1','22','0','1','0','0'), ('200','Đầm Hà','Huyện','21 21 23N, 107 34 32E','1','22','0','1','0','0'), ('201','Hải Hà','Huyện','21 25 50N, 107 41 26E','1','22','0','1','0','0'), ('202','Ba Chẽ','Huyện','21 15 40N, 107 09 52E','1','22','0','1','0','0'), ('203','Vân Đồn','Huyện','20 56 17N, 107 28 02E','1','22','0','1','0','0'), ('204','Hoành Bồ','Huyện','21 06 30N, 107 02 43E','1','22','0','1','0','0'), ('205','Đông Triều','Huyện','21 07 10N, 106 34 36E','1','22','0','1','0','0'), ('206','Yên Hưng','Huyện','20 55 40N, 106 51 05E','1','22','0','1','0','0'), ('207','Cô Tô','Huyện','21 05 01N, 107 49 10E','1','22','0','1','0','0'), ('213','Bắc Giang','Thành Phố','21 17 36N, 106 11 18E','1','24','0','1','0','0'), ('215','Yên Thế','Huyện','21 31 29N, 106 09 27E','1','24','0','1','0','0'), ('216','Tân Yên','Huyện','21 23 23N, 106 05 55E','1','24','0','1','0','0'), ('217','Lạng Giang','Huyện','21 21 58N, 106 15 21E','1','24','0','1','0','0'), ('218','Lục Nam','Huyện','21 18 16N, 106 29 24E','1','24','0','1','0','0'), ('219','Lục Ngạn','Huyện','21 26 15N, 106 39 09E','1','24','0','1','0','0'), ('220','Sơn Động','Huyện','21 19 42N, 106 51 09E','1','24','0','1','0','0'), ('221','Yên Dũng','Huyện','21 12 22N, 106 14 12E','1','24','0','1','0','0'), ('222','Việt Yên','Huyện','21 16 16N, 106 04 59E','1','24','0','1','0','0'), ('223','Hiệp Hòa','Huyện','21 15 51N, 105 57 30E','1','24','0','1','0','0'), ('227','Việt Trì','Thành Phố','21 19 01N, 105 23 35E','1','25','0','1','0','0'), ('228','Phú Thọ','Thị Xã','21 24 54N, 105 13 46E','1','25','0','1','0','0'), ('230','Đoan Hùng','Huyện','21 36 56N, 105 08 42E','1','25','0','1','0','0'), ('231','Hạ Hoà','Huyện','21 35 13N, 105 00 22E','1','25','0','1','0','0'), ('232','Thanh Ba','Huyện','21 27 04N, 105 09 10E','1','25','0','1','0','0'), ('233','Phù Ninh','Huyện','21 26 59N, 105 18 13E','1','25','0','1','0','0'), ('234','Yên Lập','Huyện','21 22 21N, 105 01 25E','1','25','0','1','0','0'), ('235','Cẩm Khê','Huyện','21 23 04N, 105 05 25E','1','25','0','1','0','0'), ('236','Tam Nông','Huyện','21 18 24N, 105 14 59E','1','25','0','1','0','0'), ('237','Lâm Thao','Huyện','21 19 37N, 105 18 09E','1','25','0','1','0','0'), ('238','Thanh Sơn','Huyện','21 08 32N, 105 04 40E','1','25','0','1','0','0'), ('239','Thanh Thuỷ','Huyện','21 07 26N, 105 17 18E','1','25','0','1','0','0'), ('240','Tân Sơn','Huyện','','1','25','0','1','0','0'), ('243','Vĩnh Yên','Thành Phố','21 18 26N, 105 35 33E','1','26','0','1','0','0'), ('244','Phúc Yên','Thị Xã','21 18 55N, 105 43 54E','1','26','0','1','0','0'), ('246','Lập Thạch','Huyện','21 24 45N, 105 25 39E','1','26','0','1','0','0'), ('247','Tam Dương','Huyện','21 21 40N, 105 33 36E','1','26','0','1','0','0'), ('248','Tam Đảo','Huyện','21 27 34N, 105 35 09E','1','26','0','1','0','0'), ('249','Bình Xuyên','Huyện','21 19 48N, 105 39 43E','1','26','0','1','0','0'), ('250','Mê Linh','Huyện','21 10 53N, 105 42 05E','1','1','0','1','0','0'), ('251','Yên Lạc','Huyện','21 13 17N, 105 34 44E','1','26','0','1','0','0'), ('252','Vĩnh Tường','Huyện','21 14 58N, 105 29 37E','1','26','0','1','0','0'), ('253','Sông Lô','Huyện','','1','26','0','1','0','0'), ('256','Bắc Ninh','Thành Phố','21 10 48N, 106 03 58E','1','27','0','1','0','0'), ('258','Yên Phong','Huyện','21 12 40N, 105 59 36E','1','27','0','1','0','0'), ('259','Quế Võ','Huyện','21 08 44N, 106 11 06E','1','27','0','1','0','0'), ('260','Tiên Du','Huyện','21 07 37N, 106 02 19E','1','27','0','1','0','0'), ('261','Từ Sơn','Thị Xã','21 07 12N, 105 57 26E','1','27','0','1','0','0'), ('262','Thuận Thành','Huyện','21 02 24N, 106 04 10E','1','27','0','1','0','0'), ('263','Gia Bình','Huyện','21 03 55N, 106 12 53E','1','27','0','1','0','0'), ('264','Lương Tài','Huyện','21 01 33N, 106 13 28E','1','27','0','1','0','0'), ('268','Hà Đông','Quận','20 57 25N, 105 45 21E','1','1','0','1','0','0'), ('269','Sơn Tây','Thị Xã','21 05 51N, 105 28 27E','1','1','0','1','0','0'), ('271','Ba Vì','Huyện','21 09 40N, 105 22 43E','1','1','0','1','0','0'), ('272','Phúc Thọ','Huyện','21 06 32N, 105 34 52E','1','1','0','1','0','0'), ('273','Đan Phượng','Huyện','21 07 13N, 105 40 49E','1','1','0','1','0','0'), ('274','Hoài Đức','Huyện','21 01 25N, 105 42 03E','1','1','0','1','0','0'), ('275','Quốc Oai','Huyện','20 58 45N, 105 36 43E','1','1','0','1','0','0'), ('276','Thạch Thất','Huyện','21 02 17N, 105 33 05E','1','1','0','1','0','0'), ('277','Chương Mỹ','Huyện','20 52 46N, 105 39 01E','1','1','0','1','0','0'), ('278','Thanh Oai','Huyện','20 51 44N, 105 46 18E','1','1','0','1','0','0'), ('279','Thường Tín','Huyện','20 49 59N, 105 22 19E','1','1','0','1','0','0'), ('280','Phú Xuyên','Huyện','20 43 37N, 105 53 43E','1','1','0','1','0','0'), ('281','Ứng Hòa','Huyện','20 42 41N, 105 47 58E','1','1','0','1','0','0'), ('282','Mỹ Đức','Huyện','20 41 53N, 105 43 31E','1','1','0','1','0','0'), ('288','Hải Dương','Thành Phố','20 56 14N, 106 18 21E','1','30','0','1','0','0'), ('290','Chí Linh','Huyện','21 07 47N, 106 23 46E','1','30','0','1','0','0'), ('291','Nam Sách','Huyện','21 00 15N, 106 20 26E','1','30','0','1','0','0'), ('292','Kinh Môn','Huyện','21 00 04N, 106 30 23E','1','30','0','1','0','0'), ('293','Kim Thành','Huyện','20 55 40N, 106 30 33E','1','30','0','1','0','0'), ('294','Thanh Hà','Huyện','20 53 19N, 106 25 43E','1','30','0','1','0','0'), ('295','Cẩm Giàng','Huyện','20 57 05N, 106 12 29E','1','30','0','1','0','0'), ('296','Bình Giang','Huyện','20 52 36N, 106 11 24E','1','30','0','1','0','0'), ('297','Gia Lộc','Huyện','20 51 01N, 106 17 34E','1','30','0','1','0','0'), ('298','Tứ Kỳ','Huyện','20 49 05N, 106 24 05E','1','30','0','1','0','0'), ('299','Ninh Giang','Huyện','20 45 13N, 106 20 09E','1','30','0','1','0','0'), ('300','Thanh Miện','Huyện','20 46 02N, 106 12 26E','1','30','0','1','0','0'), ('303','Hồng Bàng','Quận','20 52 37N, 106 38 32E','1','31','0','1','0','0'), ('304','Ngô Quyền','Quận','20 51 13N, 106 41 57E','1','31','0','1','0','0'), ('305','Lê Chân','Quận','20 50 12N, 106 40 30E','1','31','0','1','0','0'), ('306','Hải An','Quận','20 49 38N, 106 45 57E','1','31','0','1','0','0'), ('307','Kiến An','Quận','20 48 26N, 106 38 03E','1','31','0','1','0','0'), ('308','Đồ Sơn','Quận','20 42 41N, 106 44 54E','1','31','0','1','0','0'), ('309','Kinh Dương','Quận','','1','31','0','1','0','0'), ('311','Thuỷ Nguyên','Huyện','20 56 36N, 106 39 38E','1','31','0','1','0','0'), ('312','An Dương','Huyện','20 53 06N, 106 35 36E','1','31','0','1','0','0'), ('313','An Lão','Huyện','20 47 54N, 106 33 19E','1','31','0','1','0','0'), ('314','Kiến Thụy','Huyện','20 45 13N, 106 41 47E','1','31','0','1','0','0'), ('315','Tiên Lãng','Huyện','20 42 23N, 106 36 03E','1','31','0','1','0','0'), ('316','Vĩnh Bảo','Huyện','20 40 56N, 106 29 57E','1','31','0','1','0','0'), ('317','Cát Hải','Huyện','20 47 09N, 106 58 07E','1','31','0','1','0','0'), ('318','Bạch Long Vĩ','Huyện','20 08 41N, 107 42 51E','1','31','0','1','0','0'), ('323','Hưng Yên','Thành Phố','20 39 38N, 106 03 08E','1','33','0','1','0','0'), ('325','Văn Lâm','Huyện','20 58 31N, 106 02 51E','1','33','0','1','0','0'), ('326','Văn Giang','Huyện','20 55 51N, 105 57 14E','1','33','0','1','0','0'), ('327','Yên Mỹ','Huyện','20 53 45N, 106 01 21E','1','33','0','1','0','0'), ('328','Mỹ Hào','Huyện','20 55 35N, 106 05 34E','1','33','0','1','0','0'), ('329','Ân Thi','Huyện','20 48 49N, 106 05 30E','1','33','0','1','0','0'), ('330','Khoái Châu','Huyện','20 49 53N, 105 58 28E','1','33','0','1','0','0'), ('331','Kim Động','Huyện','20 44 47N, 106 01 47E','1','33','0','1','0','0'), ('332','Tiên Lữ','Huyện','20 40 05N, 106 07 59E','1','33','0','1','0','0'), ('333','Phù Cừ','Huyện','20 42 51N, 106 11 30E','1','33','0','1','0','0'), ('336','Thái Bình','Thành Phố','20 26 45N, 106 19 56E','1','34','0','1','0','0'), ('338','Quỳnh Phụ','Huyện','20 38 57N, 106 21 16E','1','34','0','1','0','0'), ('339','Hưng Hà','Huyện','20 35 38N, 106 12 42E','1','34','0','1','0','0'), ('340','Đông Hưng','Huyện','20 32 50N, 106 20 15E','1','34','0','1','0','0'), ('341','Thái Thụy','Huyện','20 32 33N, 106 32 32E','1','34','0','1','0','0'), ('342','Tiền Hải','Huyện','20 21 05N, 106 32 45E','1','34','0','1','0','0'), ('343','Kiến Xương','Huyện','20 23 52N, 106 25 22E','1','34','0','1','0','0'), ('344','Vũ Thư','Huyện','20 25 29N, 106 16 43E','1','34','0','1','0','0'), ('347','Phủ Lý','Thành Phố','20 32 19N, 105 54 55E','1','35','0','1','0','0'), ('349','Duy Tiên','Huyện','20 37 33N, 105 58 01E','1','35','0','1','0','0'), ('350','Kim Bảng','Huyện','20 34 19N, 105 50 41E','1','35','0','1','0','0'), ('351','Thanh Liêm','Huyện','20 27 31N, 105 55 09E','1','35','0','1','0','0'), ('352','Bình Lục','Huyện','20 29 23N, 106 02 52E','1','35','0','1','0','0'), ('353','Lý Nhân','Huyện','20 32 55N, 106 04 48E','1','35','0','1','0','0'), ('356','Nam Định','Thành Phố','20 25 07N, 106 09 54E','1','36','0','1','0','0'), ('358','Mỹ Lộc','Huyện','20 27 21N, 106 07 56E','1','36','0','1','0','0'), ('359','Vụ Bản','Huyện','20 22 57N, 106 05 35E','1','36','0','1','0','0'), ('360','Ý Yên','Huyện','20 19 48N, 106 01 55E','1','36','0','1','0','0'), ('361','Nghĩa Hưng','Huyện','20 05 37N, 106 08 59E','1','36','0','1','0','0'), ('362','Nam Trực','Huyện','20 20 08N, 106 12 54E','1','36','0','1','0','0'), ('363','Trực Ninh','Huyện','20 14 42N, 106 12 45E','1','36','0','1','0','0'), ('364','Xuân Trường','Huyện','20 17 53N, 106 21 43E','1','36','0','1','0','0'), ('365','Giao Thủy','Huyện','20 14 45N, 106 28 39E','1','36','0','1','0','0'), ('366','Hải Hậu','Huyện','20 06 26N, 106 16 29E','1','36','0','1','0','0'), ('369','Ninh Bình','Thành Phố','20 14 45N, 105 58 24E','1','37','0','1','0','0'), ('370','Tam Điệp','Thị Xã','20 09 42N, 103 52 43E','1','37','0','1','0','0'), ('372','Nho Quan','Huyện','20 18 46N, 105 42 48E','1','37','0','1','0','0'), ('373','Gia Viễn','Huyện','20 19 50N, 105 52 20E','1','37','0','1','0','0'), ('374','Hoa Lư','Huyện','20 15 04N, 105 55 52E','1','37','0','1','0','0'), ('375','Yên Khánh','Huyện','20 11 26N, 106 04 33E','1','37','0','1','0','0'), ('376','Kim Sơn','Huyện','20 02 07N, 106 05 27E','1','37','0','1','0','0'), ('377','Yên Mô','Huyện','20 07 45N, 105 59 45E','1','37','0','1','0','0'), ('380','Thanh Hóa','Thành Phố','19 48 26N, 105 47 37E','1','38','0','1','0','0'), ('381','Bỉm Sơn','Thị Xã','20 05 21N, 105 51 48E','1','38','0','1','0','0'), ('382','Sầm Sơn','Thị Xã','19 45 11N, 105 54 03E','1','38','0','1','0','0'), ('384','Mường Lát','Huyện','20 30 42N, 104 37 27E','1','38','0','1','0','0'), ('385','Quan Hóa','Huyện','20 29 15N, 104 56 35E','1','38','0','1','0','0'), ('386','Bá Thước','Huyện','20 22 48N, 105 14 50E','1','38','0','1','0','0'), ('387','Quan Sơn','Huyện','20 15 17N, 104 51 58E','1','38','0','1','0','0'), ('388','Lang Chánh','Huyện','20 08 58N, 105 07 40E','1','38','0','1','0','0'), ('389','Ngọc Lặc','Huyện','20 04 08N, 105 22 39E','1','38','0','1','0','0'), ('390','Cẩm Thủy','Huyện','20 12 20N, 105 27 22E','1','38','0','1','0','0'), ('391','Thạch Thành','Huyện','21 12 41N, 105 36 38E','1','38','0','1','0','0'), ('392','Hà Trung','Huyện','20 03 20N, 105 51 20E','1','38','0','1','0','0'), ('393','Vĩnh Lộc','Huyện','20 02 29N, 105 39 28E','1','38','0','1','0','0'), ('394','Yên Định','Huyện','20 00 31N, 105 37 44E','1','38','0','1','0','0'), ('395','Thọ Xuân','Huyện','19 55 39N, 105 29 14E','1','38','0','1','0','0'), ('396','Thường Xuân','Huyện','19 54 55N, 105 10 46E','1','38','0','1','0','0'), ('397','Triệu Sơn','Huyện','19 48 11N, 105 34 03E','1','38','0','1','0','0'), ('398','Thiệu Hoá','Huyện','19 53 56N, 105 40 57E','1','38','0','1','0','0'), ('399','Hoằng Hóa','Huyện','19 51 59N, 105 51 34E','1','38','0','1','0','0'), ('400','Hậu Lộc','Huyện','19 56 02N, 105 53 19E','1','38','0','1','0','0'), ('401','Nga Sơn','Huyện','20 00 16N, 105 59 26E','1','38','0','1','0','0'), ('402','Như Xuân','Huyện','19 5 55N, 105 20 22E','1','38','0','1','0','0'), ('403','Như Thanh','Huyện','19 35 19N, 105 33 09E','1','38','0','1','0','0'), ('404','Nông Cống','Huyện','19 36 58N, 105 40 54E','1','38','0','1','0','0'), ('405','Đông Sơn','Huyện','19 47 44N, 105 42 19E','1','38','0','1','0','0'), ('406','Quảng Xương','Huyện','19 40 53N, 105 48 01E','1','38','0','1','0','0'), ('407','Tĩnh Gia','Huyện','19 27 13N, 105 43 38E','1','38','0','1','0','0'), ('412','Vinh','Thành Phố','18 41 06N, 105 42 05E','1','40','0','1','0','0'), ('413','Cửa Lò','Thị Xã','18 47 26N, 105 43 31E','1','40','0','1','0','0'), ('414','Thái Hoà','Thị Xã','','1','40','0','1','0','0'), ('415','Quế Phong','Huyện','19 42 25N, 104 54 21E','1','40','0','1','0','0'), ('416','Quỳ Châu','Huyện','19 32 16N, 105 03 18E','1','40','0','1','0','0'), ('417','Kỳ Sơn','Huyện','19 24 36N, 104 09 45E','1','40','0','1','0','0'), ('418','Tương Dương','Huyện','19 19 15N, 104 35 41E','1','40','0','1','0','0'), ('419','Nghĩa Đàn','Huyện','19 21 19N, 105 26 33E','1','40','0','1','0','0'), ('420','Quỳ Hợp','Huyện','19 19 24N, 105 09 12E','1','40','0','1','0','0'), ('421','Quỳnh Lưu','Huyện','19 14 01N, 105 37 00E','1','40','0','1','0','0'), ('422','Con Cuông','Huyện','19 03 50N, 107 47 15E','1','40','0','1','0','0'), ('423','Tân Kỳ','Huyện','19 06 11N, 105 14 14E','1','40','0','1','0','0'), ('424','Anh Sơn','Huyện','18 58 04N, 105 04 30E','1','40','0','1','0','0'), ('425','Diễn Châu','Huyện','19 01 20N, 105 34 13E','1','40','0','1','0','0'), ('426','Yên Thành','Huyện','19 01 25N, 105 26 17E','1','40','0','1','0','0'), ('427','Đô Lương','Huyện','18 55 00N, 105 21 03E','1','40','0','1','0','0'), ('428','Thanh Chương','Huyện','18 44 11N, 105 12 59E','1','40','0','1','0','0'), ('429','Nghi Lộc','Huyện','18 47 41N, 105 31 30E','1','40','0','1','0','0'), ('430','Nam Đàn','Huyện','18 40 28N, 105 30 32E','1','40','0','1','0','0'), ('431','Hưng Nguyên','Huyện','18 41 13N, 105 37 41E','1','40','0','1','0','0'), ('436','Hà Tĩnh','Thành Phố','18 21 20N, 105 54 00E','1','42','0','1','0','0'), ('437','Hồng Lĩnh','Thị Xã','18 32 05N, 105 42 40E','1','42','0','1','0','0'), ('439','Hương Sơn','Huyện','18 26 47N, 105 19 36E','1','42','0','1','0','0'), ('440','Đức Thọ','Huyện','18 29 23N, 105 36 39E','1','42','0','1','0','0'), ('441','Vũ Quang','Huyện','18 19 30N, 105 26 38E','1','42','0','1','0','0'), ('442','Nghi Xuân','Huyện','18 38 46N, 105 46 17E','1','42','0','1','0','0'), ('443','Can Lộc','Huyện','18 26 39N, 105 46 13E','1','42','0','1','0','0'), ('444','Hương Khê','Huyện','18 11 36N, 105 41 24E','1','42','0','1','0','0'), ('445','Thạch Hà','Huyện','18 19 29N, 105 52 43E','1','42','0','1','0','0'), ('446','Cẩm Xuyên','Huyện','18 11 32N, 106 00 04E','1','42','0','1','0','0'), ('447','Kỳ Anh','Huyện','18 05 15N, 106 15 49E','1','42','0','1','0','0'), ('448','Lộc Hà','Huyện','','1','42','0','1','0','0'), ('450','Đồng Hới','Thành Phố','17 26 53N, 106 35 15E','1','44','0','1','0','0'), ('452','Minh Hóa','Huyện','17 44 03N, 105 51 45E','1','44','0','1','0','0'), ('453','Tuyên Hóa','Huyện','17 54 04N, 105 58 17E','1','44','0','1','0','0'), ('454','Quảng Trạch','Huyện','17 50 04N, 106 22 24E','1','44','0','1','0','0'), ('455','Bố Trạch','Huyện','17 29 13N, 106 06 54E','1','44','0','1','0','0'), ('456','Quảng Ninh','Huyện','17 15 15N, 106 32 31E','1','44','0','1','0','0'), ('457','Lệ Thủy','Huyện','17 07 35N, 106 41 47E','1','44','0','1','0','0'), ('461','Đông Hà','Thành Phố','16 48 12N, 107 05 12E','1','45','0','1','0','0'), ('462','Quảng Trị','Thị Xã','16 44 37N, 107 11 20E','1','45','0','1','0','0'), ('464','Vĩnh Linh','Huyện','17 01 35N, 106 53 49E','1','45','0','1','0','0'), ('465','Hướng Hóa','Huyện','16 42 19N, 106 40 14E','1','45','0','1','0','0'), ('466','Gio Linh','Huyện','16 54 49N, 106 56 16E','1','45','0','1','0','0'), ('467','Đa Krông','Huyện','16 33 58N, 106 55 49E','1','45','0','1','0','0'), ('468','Cam Lộ','Huyện','16 47 09N, 106 57 52E','1','45','0','1','0','0'), ('469','Triệu Phong','Huyện','16 46 32N, 107 09 12E','1','45','0','1','0','0'), ('470','Hải Lăng','Huyện','16 41 07N, 107 13 34E','1','45','0','1','0','0'), ('471','Cồn Cỏ','Huyện','19 09 39N, 107 19 58E','1','45','0','1','0','0'), ('474','Huế','Thành Phố','16 27 16N, 107 34 29E','1','46','0','1','0','0'), ('476','Phong Điền','Huyện','16 32 42N, 106 16 37E','1','46','0','1','0','0'), ('477','Quảng Điền','Huyện','16 35 21N, 107 29 31E','1','46','0','1','0','0'), ('478','Phú Vang','Huyện','16 27 20N, 107 42 28E','1','46','0','1','0','0'), ('479','Hương Thủy','Huyện','16 19 27N, 107 37 26E','1','46','0','1','0','0'), ('480','Hương Trà','Huyện','16 25 49N, 107 28 37E','1','46','0','1','0','0'), ('481','A Lưới','Huyện','16 13 59N, 107 16 12E','1','46','0','1','0','0'), ('482','Phú Lộc','Huyện','16 17 16N, 107 55 25E','1','46','0','1','0','0'), ('483','Nam Đông','Huyện','16 07 11N, 107 41 25E','1','46','0','1','0','0'), ('490','Liên Chiểu','Quận','16 07 26N, 108 07 04E','1','48','0','1','0','0'), ('491','Thanh Khê','Quận','16 03 28N, 108 11 00E','1','48','0','1','0','0'), ('492','Hải Châu','Quận','16 03 38N, 108 11 46E','1','48','0','1','0','0'), ('493','Sơn Trà','Quận','16 06 13N, 108 16 26E','1','48','0','1','0','0'), ('494','Ngũ Hành Sơn','Quận','16 00 30N, 108 15 09E','1','48','0','1','0','0'), ('495','Cẩm Lệ','Quận','','1','48','0','1','0','0'), ('497','Hoà Vang','Huyện','16 03 59N, 108 01 57E','1','48','0','1','0','0'), ('498','Hoàng Sa','Huyện','16 21 36N, 111 57 01E','1','48','0','1','0','0'), ('502','Tam Kỳ','Thành Phố','15 34 37N, 108 29 52E','1','49','0','1','0','0'), ('503','Hội An','Thành Phố','15 53 20N, 108 20 42E','1','49','0','1','0','0'), ('504','Tây Giang','Huyện','15 53 46N, 107 25 52E','1','49','0','1','0','0'), ('505','Đông Giang','Huyện','15 54 44N, 107 47 06E','1','49','0','1','0','0'), ('506','Đại Lộc','Huyện','15 50 10N, 107 58 27E','1','49','0','1','0','0'), ('507','Điện Bàn','Huyện','15 54 15N, 108 13 38E','1','49','0','1','0','0'), ('508','Duy Xuyên','Huyện','15 47 58N, 108 13 27E','1','49','0','1','0','0'), ('509','Quế Sơn','Huyện','15 41 03N, 108 05 34E','1','49','0','1','0','0'), ('510','Nam Giang','Huyện','15 36 37N, 107 33 52E','1','49','0','1','0','0'), ('511','Phước Sơn','Huyện','15 23 17N, 107 50 22E','1','49','0','1','0','0'), ('512','Hiệp Đức','Huyện','15 31 09N, 108 05 56E','1','49','0','1','0','0'), ('513','Thăng Bình','Huyện','15 42 29N, 108 22 04E','1','49','0','1','0','0'), ('514','Tiên Phước','Huyện','15 29 30N, 108 15 28E','1','49','0','1','0','0'), ('515','Bắc Trà My','Huyện','15 08 00N, 108 05 32E','1','49','0','1','0','0'), ('516','Nam Trà My','Huyện','15 16 40N, 108 12 15E','1','49','0','1','0','0'), ('517','Núi Thành','Huyện','15 26 53N, 108 34 49E','1','49','0','1','0','0'), ('518','Phú Ninh','Huyện','15 30 43N, 108 24 43E','1','49','0','1','0','0'), ('519','Nông Sơn','Huyện','','1','49','0','1','0','0'), ('522','Quảng Ngãi','Thành Phố','15 07 17N, 108 48 24E','1','51','0','1','0','0'), ('524','Bình Sơn','Huyện','15 18 45N, 108 45 35E','1','51','0','1','0','0'), ('525','Trà Bồng','Huyện','15 13 30N, 108 29 57E','1','51','0','1','0','0'), ('526','Tây Trà','Huyện','15 11 13N, 108 22 23E','1','51','0','1','0','0'), ('527','Sơn Tịnh','Huyện','15 11 49N, 108 45 03E','1','51','0','1','0','0'), ('528','Tư Nghĩa','Huyện','15 05 25N, 108 45 23E','1','51','0','1','0','0'), ('529','Sơn Hà','Huyện','14 58 35N, 108 29 09E','1','51','0','1','0','0'), ('530','Sơn Tây','Huyện','14 58 11N, 108 21 22E','1','51','0','1','0','0'), ('531','Minh Long','Huyện','14 56 49N, 108 40 19E','1','51','0','1','0','0'), ('532','Nghĩa Hành','Huyện','14 58 06N, 108 46 05E','1','51','0','1','0','0'), ('533','Mộ Đức','Huyện','11 59 13N, 108 52 21E','1','51','0','1','0','0'), ('534','Đức Phổ','Huyện','14 44 59N, 108 56 58E','1','51','0','1','0','0'), ('535','Ba Tơ','Huyện','14 42 52N, 108 43 44E','1','51','0','1','0','0'), ('536','Lý Sơn','Huyện','15 22 50N, 109 06 56E','1','51','0','1','0','0'), ('540','Qui Nhơn','Thành Phố','13 47 15N, 109 12 48E','1','52','0','1','0','0'), ('542','An Lão','Huyện','14 32 10N, 108 47 52E','1','52','0','1','0','0'), ('543','Hoài Nhơn','Huyện','14 30 56N, 109 01 56E','1','52','0','1','0','0'), ('544','Hoài Ân','Huyện','14 20 51N, 108 54 04E','1','52','0','1','0','0'), ('545','Phù Mỹ','Huyện','14 14 41N, 109 05 43E','1','52','0','1','0','0'), ('546','Vĩnh Thạnh','Huyện','14 14 26N, 108 44 08E','1','52','0','1','0','0'), ('547','Tây Sơn','Huyện','13 56 47N, 108 53 06E','1','52','0','1','0','0'), ('548','Phù Cát','Huyện','14 03 48N, 109 03 57E','1','52','0','1','0','0'), ('549','An Nhơn','Huyện','13 51 28N, 109 04 02E','1','52','0','1','0','0'), ('550','Tuy Phước','Huyện','13 46 30N, 109 05 38E','1','52','0','1','0','0'), ('551','Vân Canh','Huyện','13 40 35N, 108 57 52E','1','52','0','1','0','0'), ('555','Tuy Hòa','Thành Phố','13 05 42N, 109 15 50E','1','54','0','1','0','0'), ('557','Sông Cầu','Thị Xã','13 31 40N, 109 12 39E','1','54','0','1','0','0'), ('558','Đồng Xuân','Huyện','13 24 59N, 108 56 46E','1','54','0','1','0','0'), ('559','Tuy An','Huyện','13 15 19N, 109 12 21E','1','54','0','1','0','0'), ('560','Sơn Hòa','Huyện','13 12 16N, 108 57 17E','1','54','0','1','0','0'), ('561','Sông Hinh','Huyện','12 54 19N, 108 53 38E','1','54','0','1','0','0'), ('562','Tây Hoà','Huyện','','1','54','0','1','0','0'), ('563','Phú Hoà','Huyện','13 04 07N, 109 11 24E','1','54','0','1','0','0'), ('564','Đông Hoà','Huyện','','1','54','0','1','0','0'), ('568','Nha Trang','Thành Phố','12 15 40N, 109 10 40E','1','56','0','1','0','0'), ('569','Cam Ranh','Thị Xã','11 59 05N, 108 08 17E','1','56','0','1','0','0'), ('570','Cam Lâm','Huyện','','1','56','0','1','0','0'), ('571','Vạn Ninh','Huyện','12 43 10N, 109 11 18E','1','56','0','1','0','0'), ('572','Ninh Hòa','Huyện','12 32 54N, 109 06 11E','1','56','0','1','0','0'), ('573','Khánh Vĩnh','Huyện','12 17 50N, 108 51 56E','1','56','0','1','0','0'), ('574','Diên Khánh','Huyện','12 13 19N, 109 02 16E','1','56','0','1','0','0'), ('575','Khánh Sơn','Huyện','12 02 17N, 108 53 47E','1','56','0','1','0','0'), ('576','Trường Sa','Huyện','9 07 27N, 114 15 00E','1','56','0','1','0','0'), ('582','Phan Rang-Tháp Chàm','Thành Phố','11 36 11N, 108 58 34E','1','58','0','1','0','0'), ('584','Bác Ái','Huyện','11 54 45N, 108 51 29E','1','58','0','1','0','0'), ('585','Ninh Sơn','Huyện','11 42 36N, 108 44 55E','1','58','0','1','0','0'), ('586','Ninh Hải','Huyện','11 42 46N, 109 05 41E','1','58','0','1','0','0'), ('587','Ninh Phước','Huyện','11 28 56N, 108 50 34E','1','58','0','1','0','0'), ('588','Thuận Bắc','Huyện','','1','58','0','1','0','0'), ('589','Thuận Nam','Huyện','','1','58','0','1','0','0'), ('593','Phan Thiết','Thành Phố','10 54 16N, 108 03 44E','1','60','0','1','0','0'), ('594','La Gi','Thị Xã','','1','60','0','1','0','0'), ('595','Tuy Phong','Huyện','11 20 26N, 108 41 15E','1','60','0','1','0','0'), ('596','Bắc Bình','Huyện','11 15 52N, 108 21 33E','1','60','0','1','0','0'), ('597','Hàm Thuận Bắc','Huyện','11 09 18N, 108 03 07E','1','60','0','1','0','0'), ('598','Hàm Thuận Nam','Huyện','10 56 20N, 107 54 38E','1','60','0','1','0','0'), ('599','Tánh Linh','Huyện','11 08 26N, 107 41 22E','1','60','0','1','0','0'), ('600','Đức Linh','Huyện','11 11 43N, 107 31 34E','1','60','0','1','0','0'), ('601','Hàm Tân','Huyện','10 44 41N, 107 41 33E','1','60','0','1','0','0'), ('602','Phú Quí','Huyện','10 33 13N, 108 57 46E','1','60','0','1','0','0'), ('608','Kon Tum','Thành Phố','14 20 32N, 107 58 04E','1','62','0','1','0','0'), ('610','Đắk Glei','Huyện','15 08 13N, 107 44 03E','1','62','0','1','0','0'), ('611','Ngọc Hồi','Huyện','14 44 23N, 107 38 49E','1','62','0','1','0','0'), ('612','Đắk Tô','Huyện','14 46 49N, 107 55 36E','1','62','0','1','0','0'), ('613','Kon Plông','Huyện','14 48 13N, 108 20 05E','1','62','0','1','0','0'), ('614','Kon Rẫy','Huyện','14 32 56N, 108 13 09E','1','62','0','1','0','0'), ('615','Đắk Hà','Huyện','14 36 50N, 107 59 55E','1','62','0','1','0','0'), ('616','Sa Thầy','Huyện','14 16 02N, 107 36 30E','1','62','0','1','0','0'), ('617','Tu Mơ Rông','Huyện','','1','62','0','1','0','0'), ('622','Pleiku','Thành Phố','13 57 42N, 107 58 03E','1','64','0','1','0','0'), ('623','An Khê','Thị Xã','14 01 24N, 108 41 29E','1','64','0','1','0','0'), ('624','Ayun Pa','Thị Xã','','1','64','0','1','0','0'), ('625','Kbang','Huyện','14 18 08N, 108 29 17E','1','64','0','1','0','0'), ('626','Đăk Đoa','Huyện','14 07 02N, 108 09 36E','1','64','0','1','0','0'), ('627','Chư Păh','Huyện','14 13 30N, 107 56 33E','1','64','0','1','0','0'), ('628','Ia Grai','Huyện','13 59 25N, 107 43 16E','1','64','0','1','0','0'), ('629','Mang Yang','Huyện','13 57 26N, 108 18 37E','1','64','0','1','0','0'), ('630','Kông Chro','Huyện','13 45 47N, 108 36 04E','1','64','0','1','0','0'), ('631','Đức Cơ','Huyện','13 46 16N, 107 38 26E','1','64','0','1','0','0'), ('632','Chư Prông','Huyện','13 35 39N, 107 47 36E','1','64','0','1','0','0'), ('633','Chư Sê','Huyện','13 37 04N, 108 06 56E','1','64','0','1','0','0'), ('634','Đăk Pơ','Huyện','13 55 47N, 108 36 16E','1','64','0','1','0','0'), ('635','Ia Pa','Huyện','13 31 37N, 108 30 34E','1','64','0','1','0','0'), ('637','Krông Pa','Huyện','13 14 13N, 108 39 12E','1','64','0','1','0','0'), ('638','Phú Thiện','Huyện','','1','64','0','1','0','0'), ('639','Chư Pưh','Huyện','','1','64','0','1','0','0'), ('643','Buôn Ma Thuột','Thành Phố','12 39 43N, 108 10 40E','1','66','0','1','0','0'), ('644','Buôn Hồ','Thị Xã','','1','66','0','1','0','0'), ('645','Ea H\'leo','Huyện','13 13 52N, 108 12 30E','1','66','0','1','0','0'), ('646','Ea Súp','Huyện','13 10 59N, 107 46 49E','1','66','0','1','0','0'), ('647','Buôn Đôn','Huyện','12 52 45N, 107 45 20E','1','66','0','1','0','0'), ('648','Cư M\'gar','Huyện','12 53 47N, 108 04 16E','1','66','0','1','0','0'), ('649','Krông Búk','Huyện','12 56 27N, 108 13 54E','1','66','0','1','0','0'), ('650','Krông Năng','Huyện','12 59 41N, 108 23 42E','1','66','0','1','0','0'), ('651','Ea Kar','Huyện','12 48 17N, 108 32 42E','1','66','0','1','0','0'), ('652','M\'đrắk','Huyện','12 42 14N, 108 47 09E','1','66','0','1','0','0'), ('653','Krông Bông','Huyện','12 27 08N, 108 27 01E','1','66','0','1','0','0'), ('654','Krông Pắc','Huyện','12 41 20N, 108 18 42E','1','66','0','1','0','0'), ('655','Krông A Na','Huyện','12 31 51N, 108 05 03E','1','66','0','1','0','0'), ('656','Lắk','Huyện','12 19 20N, 108 12 17E','1','66','0','1','0','0'), ('657','Cư Kuin','Huyện','','1','66','0','1','0','0'), ('660','Gia Nghĩa','Thị Xã','','1','67','0','1','0','0'), ('661','Đắk Glong','Huyện','12 01 53N, 107 50 37E','1','67','0','1','0','0'), ('662','Cư Jút','Huyện','12 40 56N, 107 44 44E','1','67','0','1','0','0'), ('663','Đắk Mil','Huyện','12 31 08N, 107 42 24E','1','67','0','1','0','0'), ('664','Krông Nô','Huyện','12 22 16N, 107 53 49E','1','67','0','1','0','0'), ('665','Đắk Song','Huyện','12 14 04N, 107 36 30E','1','67','0','1','0','0'), ('666','Đắk R\'lấp','Huyện','12 02 30N, 107 25 59E','1','67','0','1','0','0'), ('667','Tuy Đức','Huyện','','1','67','0','1','0','0'), ('672','Đà Lạt','Thành Phố','11 54 33N, 108 27 08E','1','68','0','1','0','0'), ('673','Bảo Lộc','Thị Xã','11 32 48N, 107 47 37E','1','68','0','1','0','0'), ('674','Đam Rông','Huyện','12 02 35N, 108 10 26E','1','68','0','1','0','0'), ('675','Lạc Dương','Huyện','12 08 30N, 108 27 48E','1','68','0','1','0','0'), ('676','Lâm Hà','Huyện','11 55 26N, 108 11 31E','1','68','0','1','0','0'), ('677','Đơn Dương','Huyện','11 48 26N, 108 32 48E','1','68','0','1','0','0'), ('678','Đức Trọng','Huyện','11 41 50N, 108 18 58E','1','68','0','1','0','0'), ('679','Di Linh','Huyện','11 31 10N, 108 05 23E','1','68','0','1','0','0'), ('680','Bảo Lâm','Huyện','11 38 31N, 107 43 25E','1','68','0','1','0','0'), ('681','Đạ Huoai','Huyện','11 27 11N, 107 38 08E','1','68','0','1','0','0'), ('682','Đạ Tẻh','Huyện','11 33 46N, 107 32 00E','1','68','0','1','0','0'), ('683','Cát Tiên','Huyện','11 39 38N, 107 23 27E','1','68','0','1','0','0'), ('688','Phước Long','Thị Xã','','1','70','0','1','0','0'), ('689','Đồng Xoài','Thị Xã','11 31 01N, 106 50 21E','1','70','0','1','0','0'), ('690','Bình Long','Thị Xã','','1','70','0','1','0','0'), ('691','Bù Gia Mập','Huyện','11 56 57N, 106 59 21E','1','70','0','1','0','0'), ('692','Lộc Ninh','Huyện','11 49 28N, 106 35 11E','1','70','0','1','0','0'), ('693','Bù Đốp','Huyện','11 59 08N, 106 49 54E','1','70','0','1','0','0'), ('694','Hớn Quản','Huyện','11 37 37N, 106 36 02E','1','70','0','1','0','0'), ('695','Đồng Phù','Huyện','11 28 45N, 106 57 07E','1','70','0','1','0','0'), ('696','Bù Đăng','Huyện','11 46 09N, 107 14 14E','1','70','0','1','0','0'), ('697','Chơn Thành','Huyện','11 28 45N, 106 39 26E','1','70','0','1','0','0'), ('703','Tây Ninh','Thị Xã','11 21 59N, 106 07 47E','1','72','0','1','0','0'), ('705','Tân Biên','Huyện','11 35 14N, 105 57 53E','1','72','0','1','0','0'), ('706','Tân Châu','Huyện','11 34 49N, 106 17 48E','1','72','0','1','0','0'), ('707','Dương Minh Châu','Huyện','11 22 04N, 106 16 58E','1','72','0','1','0','0'), ('708','Châu Thành','Huyện','11 19 02N, 106 00 15E','1','72','0','1','0','0'), ('709','Hòa Thành','Huyện','11 15 31N, 106 08 44E','1','72','0','1','0','0'), ('710','Gò Dầu','Huyện','11 09 39N, 106 14 42E','1','72','0','1','0','0'), ('711','Bến Cầu','Huyện','11 07 50N, 106 08 25E','1','72','0','1','0','0'), ('712','Trảng Bàng','Huyện','11 06 18N, 106 23 12E','1','72','0','1','0','0'), ('718','Thủ Dầu Một','Thị Xã','11 00 01N, 106 38 56E','1','74','0','1','0','0'), ('720','Dầu Tiếng','Huyện','11 19 07N, 106 26 59E','1','74','0','1','0','0'), ('721','Bến Cát','Huyện','11 12 42N, 106 36 28E','1','74','0','1','0','0'), ('722','Phú Giáo','Huyện','11 20 21N, 106 47 48E','1','74','0','1','0','0'), ('723','Tân Uyên','Huyện','11 06 31N, 106 49 02E','1','74','0','1','0','0'), ('724','Dĩ An','Huyện','10 55 03N, 106 47 09E','1','74','0','1','0','0'), ('725','Thuận An','Huyện','10 55 58N, 106 41 59E','1','74','0','1','0','0'), ('731','Biên Hòa','Thành Phố','10 56 31N, 106 50 50E','1','75','0','1','0','0'), ('732','Long Khánh','Thị Xã','10 56 24N, 107 14 29E','1','75','0','1','0','0'), ('734','Tân Phú','Huyện','11 22 51N, 107 21 35E','1','75','0','1','0','0'), ('735','Vĩnh Cửu','Huyện','11 14 31N, 107 00 06E','1','75','0','1','0','0'), ('736','Định Quán','Huyện','11 12 41N, 107 17 03E','1','75','0','1','0','0'), ('737','Trảng Bom','Huyện','10 58 39N, 107 00 52E','1','75','0','1','0','0'), ('738','Thống Nhất','Huyện','10 58 29N, 107 09 26E','1','75','0','1','0','0'), ('739','Cẩm Mỹ','Huyện','10 47 05N, 107 14 36E','1','75','0','1','0','0'), ('740','Long Thành','Huyện','10 47 38N, 106 59 42E','1','75','0','1','0','0'), ('741','Xuân Lộc','Huyện','10 55 39N, 107 24 21E','1','75','0','1','0','0'), ('742','Nhơn Trạch','Huyện','10 39 18N, 106 53 18E','1','75','0','1','0','0'), ('747','Vũng Tầu','Thành Phố','10 24 08N, 107 07 05E','1','77','0','1','0','0'), ('748','Bà Rịa','Thị Xã','10 30 33N, 107 10 47E','1','77','0','1','0','0'), ('750','Châu Đức','Huyện','10 39 23N, 107 15 08E','1','77','0','1','0','0'), ('751','Xuyên Mộc','Huyện','10 37 46N, 107 29 39E','1','77','0','1','0','0'), ('752','Long Điền','Huyện','10 26 47N, 107 12 53E','1','77','0','1','0','0'), ('753','Đất Đỏ','Huyện','10 28 40N, 107 18 27E','1','77','0','1','0','0'), ('754','Tân Thành','Huyện','10 34 50N, 107 05 06E','1','77','0','1','0','0'), ('755','Côn Đảo','Huyện','8 42 25N, 106 36 05E','1','77','0','1','0','0'), ('760','Quận 1','Quận','10 46 34N, 106 41 45E','1','79','0','1','0','1433834475'), ('761','Quận 12','Quận','10 51 43N, 106 39 32E','1','79','0','1','0','1433834499'), ('762','Thủ Đức','Quận','10 51 20N, 106 45 05E','1','79','0','1','0','0'), ('763','Quận 9','Quận','10 49 49N, 106 49 03E','1','79','0','1','0','1433834552'), ('764','Gò Vấp','Quận','10 50 12N, 106 39 52E','1','79','0','1','0','0'), ('765','Bình Thạnh','Quận','10 48 46N, 106 42 57E','1','79','0','1','0','0'), ('766','Tân Bình','Quận','10 48 13N, 106 39 03E','1','79','0','1','0','0'), ('767','Tân Phú','Quận','10 47 32N, 106 37 31E','1','79','0','1','0','0'), ('768','Phú Nhuận','Quận','10 48 06N, 106 40 39E','1','79','0','1','0','0'), ('769','Quận 2','Quận','10 46 51N, 106 45 25E','1','79','0','1','0','1433834506'), ('770','Quận 3','Quận','10 46 48N, 106 40 46E','1','79','0','1','0','1433834512'), ('771','Quận 10','Quận','10 46 25N, 106 40 02E','1','79','0','1','0','1433834485'), ('772','Quận 11','Quận','10 46 01N, 106 38 44E','1','79','0','1','0','1433834492'), ('773','Quận 4','Quận','10 45 42N, 106 42 09E','1','79','0','1','0','1433834519'), ('774','Quận 5','Quận','10 45 24N, 106 40 00E','1','79','0','1','0','1433834525'), ('775','Quận 6','Quận','10 44 46N, 106 38 10E','1','79','0','1','0','1433834532'), ('776','Quận 8','Quận','10 43 24N, 106 37 40E','1','79','0','1','0','1433834545'), ('777','Bình Tân','Quận','10 46 16N, 106 35 26E','1','79','0','1','0','0'), ('778','Quận 7','Quận','10 44 19N, 106 43 35E','1','79','0','1','0','1433834538'), ('783','Củ Chi','Huyện','11 02 17N, 106 30 20E','1','79','0','1','0','0'), ('784','Hóc Môn','Huyện','10 52 42N, 106 35 33E','1','79','0','1','0','0'), ('785','Bình Chánh','Huyện','10 45 01N, 106 30 45E','1','79','0','1','0','0'), ('786','Nhà Bè','Huyện','10 39 06N, 106 43 35E','1','79','0','1','0','0'), ('787','Cần Giờ','Huyện','10 30 43N, 106 52 50E','1','79','0','1','0','0'), ('794','Tân An','Thành Phố','10 31 36N, 106 24 06E','1','80','0','1','0','0'), ('796','Tân Hưng','Huyện','10 49 05N, 105 39 26E','1','80','0','1','0','0'), ('797','Vĩnh Hưng','Huyện','10 52 54N, 105 45 58E','1','80','0','1','0','0'), ('798','Mộc Hóa','Huyện','10 47 09N, 105 57 56E','1','80','0','1','0','0'), ('799','Tân Thạnh','Huyện','10 37 44N, 105 57 07E','1','80','0','1','0','0'), ('800','Thạnh Hóa','Huyện','10 41 37N, 106 11 08E','1','80','0','1','0','0'), ('801','Đức Huệ','Huyện','10 51 57N, 106 15 48E','1','80','0','1','0','0'), ('802','Đức Hòa','Huyện','10 53 04N, 106 23 58E','1','80','0','1','0','0'), ('803','Bến Lức','Huyện','10 41 40N, 106 26 28E','1','80','0','1','0','0'), ('804','Thủ Thừa','Huyện','10 39 41N, 106 20 12E','1','80','0','1','0','0'), ('805','Tân Trụ','Huyện','10 31 47N, 106 30 06E','1','80','0','1','0','0'), ('806','Cần Đước','Huyện','10 32 21N, 106 36 33E','1','80','0','1','0','0'), ('807','Cần Giuộc','Huyện','10 34 43N, 106 38 35E','1','80','0','1','0','0'), ('808','Châu Thành','Huyện','10 27 52N, 106 30 00E','1','80','0','1','0','0'), ('815','Mỹ Tho','Thành Phố','10 22 14N, 106 21 52E','1','82','0','1','0','0'), ('816','Gò Công','Thị Xã','10 21 55N, 106 40 24E','1','82','0','1','0','0'), ('818','Tân Phước','Huyện','10 30 36N, 106 13 02E','1','82','0','1','0','0'), ('819','Cái Bè','Huyện','10 24 21N, 105 56 01E','1','82','0','1','0','0'), ('820','Cai Lậy','Huyện','10 24 20N, 106 06 05E','1','82','0','1','0','0'), ('821','Châu Thành','Huyện','20 25 21N, 106 16 57E','1','82','0','1','0','0'), ('822','Chợ Gạo','Huyện','10 23 45N, 106 26 53E','1','82','0','1','0','0'), ('823','Gò Công Tây','Huyện','10 19 55N, 106 35 02E','1','82','0','1','0','0'), ('824','Gò Công Đông','Huyện','10 20 42N, 106 42 54E','1','82','0','1','0','0'), ('825','Tân Phú Đông','Huyện','','1','82','0','1','0','0'), ('829','Bến Tre','Thành Phố','10 14 17N, 106 22 26E','1','83','0','1','0','0'), ('831','Châu Thành','Huyện','10 17 24N, 106 17 45E','1','83','0','1','0','0'), ('832','Chợ Lách','Huyện','10 13 26N, 106 09 08E','1','83','0','1','0','0'), ('833','Mỏ Cày Nam','Huyện','10 06 56N, 106 19 40E','1','83','0','1','0','0'), ('834','Giồng Trôm','Huyện','10 08 46N, 106 28 12E','1','83','0','1','0','0'), ('835','Bình Đại','Huyện','10 09 56N, 106 37 46E','1','83','0','1','0','0'), ('836','Ba Tri','Huyện','10 04 08N, 106 35 10E','1','83','0','1','0','0'), ('837','Thạnh Phú','Huyện','9 55 53N, 106 32 45E','1','83','0','1','0','0'), ('838','Mỏ Cày Bắc','Huyện','','1','83','0','1','0','0'), ('842','Trà Vinh','Thị Xã','9 57 09N, 106 20 39E','1','84','0','1','0','0'), ('844','Càng Long','Huyện','9 58 18N, 106 12 52E','1','84','0','1','0','0'), ('845','Cầu Kè','Huyện','9 51 23N, 106 03 33E','1','84','0','1','0','0'), ('846','Tiểu Cần','Huyện','9 48 37N, 106 12 06E','1','84','0','1','0','0'), ('847','Châu Thành','Huyện','9 52 57N, 106 24 12E','1','84','0','1','0','0'), ('848','Cầu Ngang','Huyện','9 47 14N, 106 29 19E','1','84','0','1','0','0'), ('849','Trà Cú','Huyện','9 42 06N, 106 16 24E','1','84','0','1','0','0'), ('850','Duyên Hải','Huyện','9 39 58N, 106 26 23E','1','84','0','1','0','0'), ('855','Vĩnh Long','Thành Phố','10 15 09N, 105 56 08E','1','86','0','1','0','0'), ('857','Long Hồ','Huyện','10 13 58N, 105 55 47E','1','86','0','1','0','0'), ('858','Mang Thít','Huyện','10 10 58N, 106 05 13E','1','86','0','1','0','0'), ('859','Vũng Liêm','Huyện','10 03 32N, 106 10 35E','1','86','0','1','0','0'), ('860','Tam Bình','Huyện','10 03 58N, 105 58 03E','1','86','0','1','0','0'), ('861','Bình Minh','Huyện','10 05 45N, 105 47 21E','1','86','0','1','0','0'), ('862','Trà Ôn','Huyện','9 59 20N, 105 57 56E','1','86','0','1','0','0'), ('863','Bình Tân','Huyện','','1','86','0','1','0','0'), ('866','Cao Lãnh','Thành Phố','10 27 38N, 105 37 21E','1','87','0','1','0','0'), ('867','Sa Đéc','Thị Xã','10 19 22N, 105 44 31E','1','87','0','1','0','0'), ('868','Hồng Ngự','Thị Xã','','1','87','0','1','0','0'), ('869','Tân Hồng','Huyện','10 52 48N, 105 29 21E','1','87','0','1','0','0'), ('870','Hồng Ngự','Huyện','10 48 13N, 105 19 00E','1','87','0','1','0','0'), ('871','Tam Nông','Huyện','10 44 06N, 105 30 58E','1','87','0','1','0','0'), ('872','Tháp Mười','Huyện','10 33 36N, 105 47 13E','1','87','0','1','0','0'), ('873','Cao Lãnh','Huyện','10 29 03N, 105 41 40E','1','87','0','1','0','0'), ('874','Thanh Bình','Huyện','10 36 38N, 105 28 51E','1','87','0','1','0','0'), ('875','Lấp Vò','Huyện','10 21 27N, 105 36 06E','1','87','0','1','0','0'), ('876','Lai Vung','Huyện','10 14 43N, 105 38 40E','1','87','0','1','0','0'), ('877','Châu Thành','Huyện','10 13 27N, 105 48 38E','1','87','0','1','0','0'), ('883','Long Xuyên','Thành Phố','10 22 22N, 105 25 33E','1','89','0','1','0','0'), ('884','Châu Đốc','Thị Xã','10 41 20N, 105 05 15E','1','89','0','1','0','0'), ('886','An Phú','Huyện','10 50 12N, 105 05 33E','1','89','0','1','0','0'), ('887','Tân Châu','Thị Xã','10 49 11N, 105 11 18E','1','89','0','1','0','0'), ('888','Phú Tân','Huyện','10 40 26N, 105 14 40E','1','89','0','1','0','0'), ('889','Châu Phú','Huyện','10 34 12N, 105 12 13E','1','89','0','1','0','0'), ('890','Tịnh Biên','Huyện','10 33 30N, 105 00 17E','1','89','0','1','0','0'), ('891','Tri Tôn','Huyện','10 24 41N, 104 56 58E','1','89','0','1','0','0'), ('892','Châu Thành','Huyện','10 25 39N, 105 15 31E','1','89','0','1','0','0'), ('893','Chợ Mới','Huyện','10 27 23N, 105 26 57E','1','89','0','1','0','0'), ('894','Thoại Sơn','Huyện','10 16 45N, 105 15 59E','1','89','0','1','0','0'), ('899','Rạch Giá','Thành Phố','10 01 35N, 105 06 20E','1','91','0','1','0','0'), ('900','Hà Tiên','Thị Xã','10 22 54N, 104 30 10E','1','91','0','1','0','0'), ('902','Kiên Lương','Huyện','10 20 21N, 104 39 46E','1','91','0','1','0','0'), ('903','Hòn Đất','Huyện','10 14 20N, 104 55 57E','1','91','0','1','0','0'), ('904','Tân Hiệp','Huyện','10 05 18N, 105 14 04E','1','91','0','1','0','0'), ('905','Châu Thành','Huyện','9 57 37N, 105 10 16E','1','91','0','1','0','0'), ('906','Giồng Giềng','Huyện','9 56 05N, 105 22 06E','1','91','0','1','0','0'), ('907','Gò Quao','Huyện','9 43 17N, 105 17 06E','1','91','0','1','0','0'), ('908','An Biên','Huyện','9 48 37N, 105 03 18E','1','91','0','1','0','0'), ('909','An Minh','Huyện','9 40 24N, 104 59 05E','1','91','0','1','0','0'), ('910','Vĩnh Thuận','Huyện','9 33 25N, 105 11 30E','1','91','0','1','0','0'), ('911','Phú Quốc','Huyện','10 13 44N, 103 57 25E','1','91','0','1','0','0'), ('912','Kiên Hải','Huyện','9 48 31N, 104 37 48E','1','91','0','1','0','0'), ('913','U Minh Thượng','Huyện','','1','91','0','1','0','0'), ('914','Giang Thành','Huyện','','1','91','0','1','0','0'), ('916','Ninh Kiều','Quận','10 01 58N, 105 45 34E','1','92','0','1','0','0'), ('917','Ô Môn','Quận','10 07 28N, 105 37 51E','1','92','0','1','0','0'), ('918','Bình Thuỷ','Quận','10 03 42N, 105 43 17E','1','92','0','1','0','0'), ('919','Cái Răng','Quận','9 59 57N, 105 46 56E','1','92','0','1','0','0'), ('923','Thốt Nốt','Quận','10 14 23N, 105 32 02E','1','92','0','1','0','0'), ('924','Vĩnh Thạnh','Huyện','10 11 35N, 105 22 45E','1','92','0','1','0','0'), ('925','Cờ Đỏ','Huyện','10 02 48N, 105 29 46E','1','92','0','1','0','0'), ('926','Phong Điền','Huyện','9 59 57N, 105 39 35E','1','92','0','1','0','0'), ('927','Thới Lai','Huyện','','1','92','0','1','0','0'), ('930','Vị Thanh','Thị Xã','9 45 15N, 105 24 50E','1','93','0','1','0','0'), ('931','Ngã Bảy','Thị Xã','','1','93','0','1','0','0'), ('932','Châu Thành A','Huyện','9 55 50N, 105 38 31E','1','93','0','1','0','0'), ('933','Châu Thành','Huyện','9 55 22N, 105 48 37E','1','93','0','1','0','0'), ('934','Phụng Hiệp','Huyện','9 47 20N, 105 43 29E','1','93','0','1','0','0'), ('935','Vị Thuỷ','Huyện','9 48 05N, 105 32 13E','1','93','0','1','0','0'), ('936','Long Mỹ','Huyện','9 40 47N, 105 30 53E','1','93','0','1','0','0'), ('941','Sóc Trăng','Thành Phố','9 36 39N, 105 59 00E','1','94','0','1','0','0'), ('942','Châu Thành','Huyện','','1','94','0','1','0','0'), ('943','Kế Sách','Huyện','9 49 30N, 105 57 25E','1','94','0','1','0','0'), ('944','Mỹ Tú','Huyện','9 38 21N, 105 49 52E','1','94','0','1','0','0'), ('945','Cù Lao Dung','Huyện','9 37 36N, 106 12 13E','1','94','0','1','0','0'), ('946','Long Phú','Huyện','9 34 38N, 106 06 07E','1','94','0','1','0','0'), ('947','Mỹ Xuyên','Huyện','9 28 16N, 105 55 51E','1','94','0','1','0','0'), ('948','Ngã Năm','Huyện','9 31 38N, 105 37 22E','1','94','0','1','0','0'), ('949','Thạnh Trị','Huyện','9 28 05N, 105 43 02E','1','94','0','1','0','0'), ('950','Vĩnh Châu','Huyện','9 20 50N, 105 59 58E','1','94','0','1','0','0'), ('951','Trần Đề','Huyện','','1','94','0','1','0','0'), ('954','Bạc Liêu','Thị Xã','9 16 05N, 105 45 08E','1','95','0','1','0','0'), ('956','Hồng Dân','Huyện','9 30 37N, 105 24 25E','1','95','0','1','0','0'), ('957','Phước Long','Huyện','9 23 13N, 105 24 41E','1','95','0','1','0','0'), ('958','Vĩnh Lợi','Huyện','9 16 51N, 105 40 54E','1','95','0','1','0','0'), ('959','Giá Rai','Huyện','9 15 51N, 105 23 18E','1','95','0','1','0','0'), ('960','Đông Hải','Huyện','9 08 11N, 105 24 42E','1','95','0','1','0','0'), ('961','Hoà Bình','Huyện','','1','95','0','1','0','0'), ('964','Cà Mau','Thành Phố','9 10 33N, 105 11 11E','1','96','0','1','0','0'), ('966','U Minh','Huyện','9 22 30N, 104 57 00E','1','96','0','1','0','0'), ('967','Thới Bình','Huyện','9 22 50N, 105 07 35E','1','96','0','1','0','0'), ('968','Trần Văn Thời','Huyện','9 07 36N, 104 57 27E','1','96','0','1','0','0'), ('969','Cái Nước','Huyện','9 00 31N, 105 03 23E','1','96','0','1','0','0'), ('970','Đầm Dơi','Huyện','8 57 48N, 105 13 56E','1','96','0','1','0','0'), ('971','Năm Căn','Huyện','8 46 59N, 104 58 20E','1','96','0','1','0','0'), ('972','Phú Tân','Huyện','8 52 47N, 104 53 35E','1','96','0','1','0','0'), ('973','Ngọc Hiển','Huyện','8 40 47N, 104 57 58E','1','96','0','1','0','0');

DROP TABLE IF EXISTS table_place_province;
CREATE TABLE `table_place_province` (  `id` int(5) NOT NULL AUTO_INCREMENT,  `id_country` int(11) NOT NULL,  `ten` varchar(255) NOT NULL,  `type` varchar(30) NOT NULL,  `stt` int(11) NOT NULL,  `hienthi` int(11) NOT NULL,  `ngaytao` int(11) NOT NULL,  `ngaysua` int(11) NOT NULL,  PRIMARY KEY (`id`)) ENGINE=InnoDB AUTO_INCREMENT=97 DEFAULT CHARSET=utf8;
INSERT INTO table_place_province VALUES ('1','1','Hà Nội','Thành Phố','0','1','0','0'), ('2','1','Hà Giang','Tỉnh','0','1','0','0'), ('4','1','Cao Bằng','Tỉnh','0','1','0','0'), ('6','1','Bắc Kạn','Tỉnh','0','1','0','0'), ('8','1','Tuyên Quang','Tỉnh','0','1','0','0'), ('10','1','Lào Cai','Tỉnh','0','1','0','0'), ('11','1','Điện Biên','Tỉnh','0','1','0','0'), ('12','1','Lai Châu','Tỉnh','0','1','0','0'), ('14','1','Sơn La','Tỉnh','0','1','0','0'), ('15','1','Yên Bái','Tỉnh','0','1','0','0'), ('17','1','Hòa Bình','Tỉnh','0','1','0','0'), ('19','1','Thái Nguyên','Tỉnh','0','1','0','0'), ('20','1','Lạng Sơn','Tỉnh','0','1','0','0'), ('22','1','Quảng Ninh','Tỉnh','0','1','0','0'), ('24','1','Bắc Giang','Tỉnh','0','1','0','0'), ('25','1','Phú Thọ','Tỉnh','0','1','0','0'), ('26','1','Vĩnh Phúc','Tỉnh','0','1','0','0'), ('27','1','Bắc Ninh','Tỉnh','0','1','0','0'), ('30','1','Hải Dương','Tỉnh','0','1','0','0'), ('31','1','Hải Phòng','Thành Phố','0','1','0','0'), ('33','1','Hưng Yên','Tỉnh','0','1','0','0'), ('34','1','Thái Bình','Tỉnh','0','1','0','0'), ('35','1','Hà Nam','Tỉnh','0','1','0','0'), ('36','1','Nam Định','Tỉnh','0','1','0','0'), ('37','1','Ninh Bình','Tỉnh','0','1','0','0'), ('38','1','Thanh Hóa','Tỉnh','0','1','0','0'), ('40','1','Nghệ An','Tỉnh','0','1','0','0'), ('42','1','Hà Tĩnh','Tỉnh','0','1','0','0'), ('44','1','Quảng Bình','Tỉnh','0','1','0','0'), ('45','1','Quảng Trị','Tỉnh','0','1','0','0'), ('46','1','Thừa Thiên Huế','Tỉnh','0','1','0','0'), ('48','1','Đà Nẵng','Thành Phố','0','1','0','0'), ('49','1','Quảng Nam','Tỉnh','0','1','0','0'), ('51','1','Quảng Ngãi','Tỉnh','0','1','0','0'), ('52','1','Bình Định','Tỉnh','0','1','0','0'), ('54','1','Phú Yên','Tỉnh','0','1','0','0'), ('56','1','Khánh Hòa','Tỉnh','0','1','0','0'), ('58','1','Ninh Thuận','Tỉnh','0','1','0','0'), ('60','1','Bình Thuận','Tỉnh','0','1','0','0'), ('62','1','Kon Tum','Tỉnh','0','1','0','0'), ('64','1','Gia Lai','Tỉnh','0','1','0','0'), ('66','1','Đắk Lắk','Tỉnh','0','1','0','0'), ('67','1','Đắk Nông','Tỉnh','0','1','0','0'), ('68','1','Lâm Đồng','Tỉnh','0','1','0','0'), ('70','1','Bình Phước','Tỉnh','0','1','0','0'), ('72','1','Tây Ninh','Tỉnh','0','1','0','0'), ('74','1','Bình Dương','Tỉnh','0','1','0','0'), ('75','1','Đồng Nai','Tỉnh','0','1','0','0'), ('77','1','Bà Rịa - Vũng Tàu','Tỉnh','0','1','0','0'), ('79','1','Hồ Chí Minh','Thành Phố','0','1','0','0'), ('80','1','Long An','Tỉnh','0','1','0','0'), ('82','1','Tiền Giang','Tỉnh','0','1','0','0'), ('83','1','Bến Tre','Tỉnh','0','1','0','0'), ('84','1','Trà Vinh','Tỉnh','0','1','0','0'), ('86','1','Vĩnh Long','Tỉnh','0','1','0','0'), ('87','1','Đồng Tháp','Tỉnh','0','1','0','0'), ('89','1','An Giang','Tỉnh','0','1','0','0'), ('91','1','Kiên Giang','Tỉnh','0','1','0','0'), ('92','1','Cần Thơ','Thành Phố','0','1','0','0'), ('93','1','Hậu Giang','Tỉnh','0','1','0','0'), ('94','1','Sóc Trăng','Tỉnh','0','1','0','0'), ('95','1','Bạc Liêu','Tỉnh','0','1','0','0'), ('96','1','Cà Mau','Tỉnh','0','1','0','1433833186');

DROP TABLE IF EXISTS table_post;
CREATE TABLE `table_post` (  `id` int(10) unsigned NOT NULL AUTO_INCREMENT,  `id_cat` int(11) NOT NULL,  `noibat` int(12) NOT NULL,  `ten` varchar(225) NOT NULL,  `tenkhongdau` varchar(255) NOT NULL,  `mota` text NOT NULL,  `noidung` text NOT NULL,  `title` varchar(255) NOT NULL,  `keywords` varchar(1024) NOT NULL,  `description` varchar(1024) NOT NULL,  `des_char` int(11) NOT NULL,  `is_noindex` int(11) NOT NULL,  `photo` varchar(100) NOT NULL,  `thumb` varchar(255) NOT NULL,  `stt` int(10) unsigned NOT NULL DEFAULT '1',  `hienthi` tinyint(1) NOT NULL DEFAULT '1',  `ngaytao` int(10) unsigned NOT NULL DEFAULT '0',  `ngaysua` int(10) unsigned NOT NULL DEFAULT '0',  `luotxem` int(11) NOT NULL,  `type` varchar(10) NOT NULL,  PRIMARY KEY (`id`)) ENGINE=MyISAM AUTO_INCREMENT=2 DEFAULT CHARSET=utf8;
INSERT INTO table_post VALUES ('1','2','0','Em bé 6 ngày tuổi hiến tạng cứu hai mạng người','em-be-6-ngay-tuoi-hien-tang-cuu-hai-mang-nguoi','Bé gái mất sau 6 ngày chào đời trở thành người hiến tạng nhỏ tuổi nhất ở Anh. Nhờ gan và thận của cô bé, hai người đã được cứu sống.','<div class=\"fck_detail width_common\">\r\n<p>Thận của bé được ghép cho một bệnh nhân đang phải chống chọi với bệnh suy thận, còn gan của em cứu giúp cho một trường hợp trọng bệnh khác.&nbsp;Bố mẹ giấu tên của bé gái này được cảm kích vì hành động dũng cảm khi đồng ý hiến tạng con. Họ chia sẻ \"cảm giác hạnh phúc khi cái chết thương tâm của con gái có thể mang lại điều gì đó tích cực\".</p>\r\n\r\n<p>Chuyên gia nhi khoa, tiến sĩ&nbsp;Gaurav Atreja, một trong những bác sĩ điều trị cho bé gái hiến tạng, cho biết: \"Thực sự là vô cùng khó khăn khi đề cập chuyện hiến nội tạng với gia đình cháu bé. Chúng tôi đã dành thời gian cho họ suy nghĩ. Mặc dù quá đau buồn nhưng họ đã quay lại ngay sau vài giờ và nói đồng ý. Họ thực sự đã rất dũng cảm và nghị lực\".</p>\r\n\r\n<table align=\"center\" border=\"0\" cellpadding=\"3\" cellspacing=\"0\" class=\"tplCaption\" style=\"width:100%\">\r\n	<tbody>\r\n		<tr>\r\n			<td><img alt=\"Open-heart-surgery-4495-1421745388.jpg\" src=\"http://m.f13.img.vnecdn.net/2015/01/20/Open-heart-surgery-4495-1421745388.jpg\" style=\"width:100%\" /></td>\r\n		</tr>\r\n		<tr>\r\n			<td>\r\n			<p>Một ca phẫu thuật cấy ghép tạng. Ảnh: <em>Mirror.co.uk.</em></p>\r\n			</td>\r\n		</tr>\r\n	</tbody>\r\n</table>\r\n\r\n<p>Bé gái hiến tạng chào đời tại phòng mổ cấp cứu với cân nặng khoảng 3kg tại Bệnh viện Hammersmith ở tây London, Anh năm ngoái.&nbsp;Bé bị bệnh nặng và vấn đề lớn nhất là não của bé bị thiếu oxy trong quá trình mẹ mang thai. Bố mẹ cô bé và các bác sĩ đã thảo luận về việc hiến tạng khi thấy rõ không còn cơ hội sống sót nào cho bé.</p>\r\n\r\n<p>Tiến sĩ Atreja nhấn mạnh: \"Chúng tôi phải đưa ra cho bố mẹ trẻ một kế hoạch thận trọng và thực tế. Họ cũng đã gặp các chuyên gia tâm lý của chúng tôi để nhìn nhận tính chất nhạy cảm của quyết định này. Họ đã đồng ý với tấm lòng vô cùng bao dung\".</p>\r\n\r\n<p>Tiết lộ trường hợp này trên một tạp chí y khoa ngày hôm qua, các nhà nghiên cứu viết rằng: \"Điều này đã tạo ra một mốc lịch sử\".&nbsp;Thận phát triển đầy đủ chức năng ở khoảng tuần thứ 37 trong tử cung, vì vậy có thể sử dụng kỹ thuật cấy ghép từ thời điểm đó. Thận hiến có thể phát triển bằng 75% kích cỡ thận người lớn.</p>\r\n\r\n<p>Trường hợp hiến tạng nhỏ nhất trước đây là một bé sơ sinh 5 tuần tuổi. Người ta hy vọng trường hợp mới nhất lần này sẽ mở ra nhiều ca hiến nội tạng từ các bé không thể qua khỏi ở khoa sơ sinh.</p>\r\n\r\n<p style=\"text-align:right\"><strong>Vương Linh</strong> (theo <em>Mirror.co.uk</em>)</p>\r\n</div>\r\n','Em bé 6 ngày tuổi hiến tạng cứu hai mạng người','em bé 6 ngày tuổi hiến tạng cứu hai mạng người, em be 6 ngay tuoi hien tang cuu hai mang nguoi','Bé gái mất sau 6 ngày chào đời trở thành người hiến tạng nhỏ tuổi nhất ở Anh. Nhờ gan và thận của cô bé, hai người đã được cứu sống.','132','1','680376654253.jpg','680376654253_120x80.jpg','1','1','1421771349','1444893813','0','');

DROP TABLE IF EXISTS table_post_cat;
CREATE TABLE `table_post_cat` (  `id` int(11) NOT NULL AUTO_INCREMENT,  `id_parents` int(11) NOT NULL,  `parentlist` varchar(255) NOT NULL,  `childlist` varchar(255) NOT NULL,  `ten` varchar(255) NOT NULL,  `tenkhongdau` varchar(255) NOT NULL,  `mota` text NOT NULL,  `title` varchar(255) NOT NULL,  `keywords` varchar(1024) NOT NULL,  `description` varchar(1024) NOT NULL,  `des_char` int(11) NOT NULL,  `photo` varchar(255) NOT NULL,  `thumb` varchar(255) NOT NULL,  `stt` int(11) NOT NULL,  `is_noindex` int(11) NOT NULL,  `hienthi` int(11) NOT NULL,  `ngaytao` int(11) NOT NULL,  `ngaysua` int(11) NOT NULL,  `type` varchar(10) NOT NULL,  PRIMARY KEY (`id`)) ENGINE=MyISAM AUTO_INCREMENT=7 DEFAULT CHARSET=utf8;
INSERT INTO table_post_cat VALUES ('1','0','1,-1','1,6,-1','Tin trong nước','tin-trong-nuoc','Tin trong nước','Tin trong nước','tin trong nước, tin trong nuoc','Tin trong nước','14','','','1','1','1','1421761778','1445303912','news'), ('2','0','2,-1','2,-1','Tin quốc tế','tin-quoc-te','Tin quốc tế','Tin quốc tế','tin quốc tế, tin quoc te','Tin quốc tế','11','','','2','1','1','1421761799','0','news'), ('3','0','3,-1','3,4,5,-1','Nhịp sống số','nhip-song-so','Nhịp sống số','Nhịp sống số','nhịp sống số, nhip song so','Nhịp sống số','12','','','3','1','1','1421761845','0','news'), ('4','3','4,3,-1','4,-1','Điện thoại','dien-thoai','Điện thoại','Điện thoại','điện thoại, dien thoai','Điện thoại','10','','','1','1','1','1421761859','0','news'), ('5','3','5,3,-1','5,-1','Đánh giá','danh-gia','Đánh giá','Đánh giá','đánh giá, danh gia','Đánh giá','8','','','2','1','1','1421762088','0','news'), ('6','1','6,1,-1','6,-1','Thể thao','the-thao','Thể thao','Thể thao','thể thao, the thao','Thể thao','8','','','1','1','1','1421763147','1421763158','news');

DROP TABLE IF EXISTS table_product;
CREATE TABLE `table_product` (  `id` int(10) unsigned NOT NULL AUTO_INCREMENT,  `id_cat` int(11) NOT NULL,  `noibat` int(11) NOT NULL,  `photo` varchar(225) NOT NULL,  `thumb` varchar(225) NOT NULL,  `masp` varchar(255) NOT NULL,  `is_noindex` int(11) NOT NULL,  `gia` int(11) NOT NULL,  `stt` int(10) unsigned NOT NULL DEFAULT '1',  `hienthi` tinyint(1) NOT NULL DEFAULT '1',  `ngaytao` int(11) NOT NULL,  `ngaysua` int(11) NOT NULL,  `luotxem` int(11) NOT NULL,  PRIMARY KEY (`id`)) ENGINE=MyISAM AUTO_INCREMENT=33 DEFAULT CHARSET=utf8;
INSERT INTO table_product VALUES ('1','0','0','744106208394.jpg','558949885080_185x125.jpg','NH028','0','470000','1','1','1341824779','1368202568','15'), ('2','0','0','260237629999.jpg','450143082059_185x125.jpg','NH027','0','200000','1','1','1341825336','1368202558','6'), ('3','0','0','426351077506.jpg','371527662679_185x125.jpg','NH026','0','7500000','1','1','1341825420','1368202610','1'), ('4','0','0','254227721398.jpg','821909489868_185x125.jpg','NH025','0','590000','1','1','1341825508','1368202541','0'), ('5','0','0','441296572641.jpg','840719514491_185x125.jpg','NH024','0','895000','1','1','1341825600','1368202530','1'), ('6','0','0','131815375834.jpg','978763780306_185x125.jpg','NH023','0','1119000','1','1','1341825669','1368202515','1'), ('8','0','0','859005395129.jpg','843482188246_185x125.jpg','NH022','0','840000000','1','1','1341825838','1368202500','7'), ('9','0','0','973648836691.jpg','287492642149_185x125.jpg','NH021','0','0','1','1','1341825959','1368202492','9'), ('10','0','0','422302061915.jpg','047213352779_185x125.jpg','NH020','0','0','1','1','1341826059','1423124192','12'), ('11','0','0','282017650365.jpg','736663952155_185x125.jpg','NH019','0','0','1','1','1343957419','1368202393','16'), ('12','0','0','947179135773.jpg','210081713860_185x125.jpg','NH018','0','0','1','1','1343957469','1368202384','8'), ('13','0','0','140543864401.jpg','093264478922_185x125.jpg','NH017','0','0','1','1','1343957500','1368202466','0'), ('14','0','0','658483882455.jpg','030553228105_185x125.jpg','NH016','0','0','1','1','1343957539','1368202454','0'), ('15','0','0','011386867184.jpg','845753897327_185x125.jpg','NH015','0','0','1','1','1343957590','1368202437','0'), ('16','0','0','721916201184.jpg','474315476351_185x125.jpg','NH014','0','0','1','1','1343957635','1368202422','0'), ('17','0','0','195181935900.jpg','140126888127_185x125.jpg','NH013','0','0','1','1','1343957680','1368202363','1'), ('18','4','0','212212116744.jpg','212212116744_295x195.jpg','NH012','0','0','1','1','1343957730','1421516974','0'), ('19','4','0','890117725488.jpg','890117725488_295x195.jpg','NH011','0','0','1','1','1343957769','1421516933','1'), ('20','2','0','818378913664.jpg','818378913664_295x195.jpg','NH010','0','0','1','1','1343958167','1421516910','31'), ('21','2','0','717294536471.jpg','717294536471_295x195.jpg','NH009','0','1000000','1','1','1343958203','1421516888','0'), ('22','5','0','862842344261.jpg','862842344261_295x195.jpg','NH008','0','430000','1','1','1343958262','1432961011','0'), ('23','4','0','','','NH007','0','0','2','1','1343958295','1423188726','13'), ('24','0','1368205997','696453764101.jpg','696453764101_295x195.jpg','NH006','0','0','5','1','1343958512','1421516806','3'), ('25','0','1368205996','185931188796.jpg','185931188796_295x195.jpg','NH005','0','0','6','1','1343958547','1421516740','14'), ('26','5','1359731154','785966875076.jpg','785966875076_295x195.jpg','NH004','0','340000','5','1','1343958601','1421516720','9'), ('27','4','1359731153','666808027512.jpg','666808027512_295x195.jpg','NH003','0','120000','2','1','1343958711','1422353381','51'), ('28','22','0','979984084270.jpg','042716175879_185x125.jpg','NH002','0','80000000','3','1','1345690279','1368202241','59'), ('30','22','0','','','NH002','0','80000000','4','1','1387533300','0','0'), ('31','1','0','255794714823.jpg','255794714823_295x195.jpg','NINA','1','1200000','1','1','1445241928','0','0'), ('32','16','0','008064265882.jpg','008064265882_295x195.jpg','NINA','1','1200000','1','1','1445242125','1445256028','0');

DROP TABLE IF EXISTS table_product_cat;
CREATE TABLE `table_product_cat` (  `id` int(11) NOT NULL AUTO_INCREMENT,  `id_parents` int(11) NOT NULL,  `parentlist` varchar(255) NOT NULL,  `childlist` varchar(255) NOT NULL,  `photo` varchar(255) NOT NULL,  `thumb` varchar(255) NOT NULL,  `stt` int(11) NOT NULL,  `is_noindex` int(11) NOT NULL,  `hienthi` int(11) NOT NULL,  `ngaytao` int(11) NOT NULL,  `ngaysua` int(11) NOT NULL,  PRIMARY KEY (`id`)) ENGINE=MyISAM AUTO_INCREMENT=3 DEFAULT CHARSET=utf8;

DROP TABLE IF EXISTS table_product_cat_lang;
CREATE TABLE `table_product_cat_lang` (  `id` int(11) NOT NULL AUTO_INCREMENT,  `id_product_cat` int(11) NOT NULL,  `lang` varchar(2) NOT NULL,  `ten` varchar(255) NOT NULL,  `tenkhongdau` varchar(255) NOT NULL,  `mota` text NOT NULL,  `title` varchar(255) NOT NULL,  `keywords` varchar(1024) NOT NULL,  `description` varchar(1024) NOT NULL,  `des_char` int(11) NOT NULL,  PRIMARY KEY (`id`)) ENGINE=MyISAM DEFAULT CHARSET=utf8;

DROP TABLE IF EXISTS table_product_lang;
CREATE TABLE `table_product_lang` (  `id` int(10) unsigned NOT NULL AUTO_INCREMENT,  `id_product` int(11) NOT NULL,  `lang` varchar(2) NOT NULL,  `ten` varchar(100) CHARACTER SET utf8 COLLATE utf8_unicode_ci NOT NULL,  `tenkhongdau` varchar(255) NOT NULL,  `title` varchar(255) NOT NULL,  `keywords` varchar(1024) NOT NULL,  `description` varchar(1024) NOT NULL,  `des_char` int(11) NOT NULL,  `mota` text NOT NULL,  `noidung` text NOT NULL,  PRIMARY KEY (`id`),  FULLTEXT KEY `ten` (`ten`)) ENGINE=MyISAM AUTO_INCREMENT=58 DEFAULT CHARSET=utf8;
INSERT INTO table_product_lang VALUES ('31','32','vi','Tên tiếng việt 1','ten-tieng-viet-1','Title tiếng việt 4','Từ khóa tiếng việt 5','Description tiếng việt 6','0','Mô tả tiếng việt 2','<p>Xin ch&agrave;o c&aacute;c bạn nh&eacute;</p>\r\n'), ('32','32','en','Tên tiếng anh 1','ten-tieng-anh-1','Title tiếng anh 4','Từ khóa tiếng anh 5','Description tiếng anh 6','0','Mô tả tiếng anh 2','<p><br />\r\nNội dung tiếng anh 3</p>\r\n'), ('33','32','cn','Tên tiếng trung 1','ten-tieng-trung-1','Title tiếng trung 4','Từ khóa tiếng trung 5','Description tiếng trung 6','0','Mô tả tiếng trung 2','<p><br />\r\nNội dung tiếng trung 3</p>\r\n'), ('50','32','vi','Tên tiếng việt 1','ten-tieng-viet-1','Title tiếng việt 4','Từ khóa tiếng việt 5','Description tiếng việt 6','0','Mô tả tiếng việt 2','<p>Xin ch&agrave;o c&aacute;c bạn nh&eacute;</p>\r\n'), ('51','32','en','Tên tiếng anh 1','ten-tieng-anh-1','Title tiếng anh 4','Từ khóa tiếng anh 5','Description tiếng anh 6','0','Mô tả tiếng anh 2','<p><br />\r\nNội dung tiếng anh 3</p>\r\n'), ('52','32','cn','Tên tiếng trung 1','ten-tieng-trung-1','Title tiếng trung 4','Từ khóa tiếng trung 5','Description tiếng trung 6','0','Mô tả tiếng trung 2','<p><br />\r\nNội dung tiếng trung 3</p>\r\n'), ('53','32','jp','Tên tiếng nhật','ten-tieng-nhat','Title tiếng nhật','Từ khóa tiếng nhật','Description tiếng nhật.','0','Mô tả tiếng nhật','<p>Nội dung tiếng nhật</p>\r\n'), ('54','32','vi','Tên tiếng việt 1','ten-tieng-viet-1','Title tiếng việt 4','Từ khóa tiếng việt 5','Description tiếng việt 6','0','Mô tả tiếng việt 2','<p>Xin ch&agrave;o c&aacute;c bạn nh&eacute;</p>\r\n'), ('55','32','en','Tên tiếng anh 1','ten-tieng-anh-1','Title tiếng anh 4','Từ khóa tiếng anh 5','Description tiếng anh 6','0','Mô tả tiếng anh 2','<p><br />\r\nNội dung tiếng anh 3</p>\r\n'), ('56','32','cn','Tên tiếng trung 1','ten-tieng-trung-1','Title tiếng trung 4','Từ khóa tiếng trung 5','Description tiếng trung 6','0','Mô tả tiếng trung 2','<p><br />\r\nNội dung tiếng trung 3</p>\r\n'), ('57','32','jp','Tên tiếng nhật','ten-tieng-nhat','Title tiếng nhật','Từ khóa tiếng nhật','Description tiếng nhật.','0','Mô tả tiếng nhật','<p>Nội dung tiếng nhật</p>\r\n');

DROP TABLE IF EXISTS table_product_photo;
CREATE TABLE `table_product_photo` (  `id` int(10) unsigned NOT NULL AUTO_INCREMENT,  `id_product` int(11) NOT NULL,  `photo` varchar(225) NOT NULL,  `thumb` varchar(225) NOT NULL,  `ten` varchar(100) CHARACTER SET utf8 COLLATE utf8_unicode_ci NOT NULL,  `mota` varchar(1024) NOT NULL,  `stt` int(10) unsigned NOT NULL DEFAULT '1',  `hienthi` tinyint(1) NOT NULL DEFAULT '1',  `ngaytao` int(11) NOT NULL,  `ngaysua` int(11) NOT NULL,  PRIMARY KEY (`id`)) ENGINE=MyISAM DEFAULT CHARSET=utf8;

DROP TABLE IF EXISTS table_setting;
CREATE TABLE `table_setting` (  `id` int(10) NOT NULL AUTO_INCREMENT,  `title` varchar(255) NOT NULL,  `keywords` varchar(1024) NOT NULL,  `description` varchar(1024) NOT NULL,  `des_char` int(11) NOT NULL,  `is_noactive` int(11) NOT NULL,  `thongbao` varchar(1024) NOT NULL,  `timecache` int(11) NOT NULL,  `ten` varchar(255) NOT NULL,  `email` varchar(255) NOT NULL,  `dienthoai` varchar(255) NOT NULL,  `diachi` varchar(255) NOT NULL,  `hotline` varchar(255) NOT NULL,  `toado` varchar(255) NOT NULL,  `favicon` varchar(255) NOT NULL,  `website` varchar(255) NOT NULL,  `facebook` varchar(255) NOT NULL,  `twitter` varchar(255) NOT NULL,  `google` varchar(255) NOT NULL,  `youtube` varchar(255) NOT NULL,  `id_analytics` varchar(255) NOT NULL,  PRIMARY KEY (`id`)) ENGINE=MyISAM AUTO_INCREMENT=2 DEFAULT CHARSET=utf8;
INSERT INTO table_setting VALUES ('1','','','','0','0','','0','Nguyễn Xuân Linh','linhnguyennina@gmail.com','0932129225','','','10.855113,106.628435','','','','','','','');

DROP TABLE IF EXISTS table_tag;
CREATE TABLE `table_tag` (  `item_id` int(11) NOT NULL,  `name_tag` varchar(255) NOT NULL,  `unique_key_tag` varchar(255) NOT NULL,  `com` varchar(255) NOT NULL) ENGINE=MyISAM DEFAULT CHARSET=utf8;
INSERT INTO table_tag VALUES ('22','áo sơ mi cao cấp','ao-so-mi-cao-cap','product'), ('22','áo sơ mi cao cấp 2015','ao-so-mi-cao-cap-2015','product');

DROP TABLE IF EXISTS table_tinhtrang;
CREATE TABLE `table_tinhtrang` (  `id` int(11) NOT NULL AUTO_INCREMENT,  `trangthai` varchar(255) NOT NULL,  PRIMARY KEY (`id`)) ENGINE=MyISAM AUTO_INCREMENT=6 DEFAULT CHARSET=utf8;
INSERT INTO table_tinhtrang VALUES ('1','Mới đặt'), ('2','Đã xác nhận'), ('3','Đang giao hàng'), ('4','Đã giao'), ('5','Đã hủy');

DROP TABLE IF EXISTS table_title;
CREATE TABLE `table_title` (  `id` int(10) NOT NULL AUTO_INCREMENT,  `ten` varchar(100) NOT NULL,  PRIMARY KEY (`id`)) ENGINE=MyISAM AUTO_INCREMENT=2 DEFAULT CHARSET=utf8;
INSERT INTO table_title VALUES ('1','Spa Sứ Trắng');

DROP TABLE IF EXISTS table_user;
CREATE TABLE `table_user` (  `id` int(10) unsigned NOT NULL AUTO_INCREMENT,  `username` varchar(225) NOT NULL,  `password` varchar(225) NOT NULL,  `ten` varchar(225) NOT NULL,  `dienthoai` varchar(225) NOT NULL,  `email` varchar(225) NOT NULL,  `diachi` varchar(225) NOT NULL,  `id_role` tinyint(3) unsigned NOT NULL DEFAULT '0',  `active` tinyint(1) NOT NULL DEFAULT '1',  `randomkey` varchar(225) NOT NULL DEFAULT 'user',  PRIMARY KEY (`id`)) ENGINE=MyISAM AUTO_INCREMENT=5 DEFAULT CHARSET=utf8;
INSERT INTO table_user VALUES ('1','phuongnhi','3564e9b4001dd039bf74f62c251da3ad','','','','','2','1','user'), ('3','admin','3564e9b4001dd039bf74f62c251da3ad','Nguyễn Xuân Linh','0932129225','linhnguyennina@gmail.com','CV Phần mềm Quang Trung','1','1','user'), ('4','ninaco','7b0f9164ea1dd0d3884068251ea2314f','NINACO','083 973 15431','nina@nina.vn','CV Phần mềm Quang Trung','2','1','TBilPrV5oEcWnEzfv4YEZZNoPu9jBgQw');

DROP TABLE IF EXISTS table_user_permissions;
CREATE TABLE `table_user_permissions` (  `id` int(11) NOT NULL AUTO_INCREMENT,  `id_parent` int(11) NOT NULL,  `ten` varchar(255) NOT NULL,  `com` varchar(255) NOT NULL,  `act` varchar(255) NOT NULL,  `type` varchar(255) NOT NULL,  `id_item` varchar(255) NOT NULL,  `stt` int(11) NOT NULL,  `hienthi` int(11) NOT NULL,  `ngaytao` int(11) NOT NULL,  `ngaysua` int(11) NOT NULL,  PRIMARY KEY (`id`)) ENGINE=MyISAM AUTO_INCREMENT=33 DEFAULT CHARSET=utf8;
INSERT INTO table_user_permissions VALUES ('1','0','Sản phẩm','','','','','1','1','1430801416','1430801416'), ('2','1','Quản lý danh mục','product','man_cat','','','1','1','1430801416','1430801416'), ('3','1','Quản lý sản phẩm','product','man','','','2','1','1430801416','1430801416'), ('4','1','Quản lý đơn hàng','order','man','','','3','1','1430801416','1430801416'), ('5','0','Tin tức','post','','news','','2','1','1430801416','1430801416'), ('6','5','Quản lý danh mục','post','man_cat','news','','1','1','1430801416','1430801416'), ('7','5','Quản lý tin tức','post','man','news','','2','1','1430801416','1430801416'), ('8','0','Trang tĩnh','','','','','3','1','1430801416','1430801416'), ('9','8','Giới thiệu','info','capnhat','','gt','1','1','1430801416','1430801416'), ('10','8','Tuyển dụng','info','capnhat','','td','2','1','1430801416','1430801416'), ('11','8','Liên hệ','info','capnhat','','lh','3','1','1430801416','1430801416'), ('12','8','Footer','info','capnhat','','ft','4','1','1430801416','1430801416'), ('13','0','Marketing Online','','','','','4','1','1430801416','1430801416'), ('14','13','Hỗ trợ trực tuyến','yahoo','man','','','1','1','1430801416','1430801416'), ('15','13','Liên kết website','lkweb','man','','','2','1','1430801416','1430801416'), ('16','0','Hình Ảnh - Slider','','','','','5','1','1430801416','1430801416'), ('17','16','Hình ảnh slider','photo','man_photo','slider','','1','1','1430801416','1430801416'), ('18','16','Hình ảnh đối tác','photo','man_photo','doitac','','2','1','1430801416','1430801416'), ('19','16','Hình ảnh quảng cáo','photo','man_photo','quangcao','','3','1','1430801416','1430801416'), ('20','0','Phân quyền','','','','','6','1','1430801416','1430801416'), ('21','20','Nhóm thành viên','user','man_cat','','','1','1','1430801416','1430801416'), ('22','20','Danh sách thành viên','user','man','','','2','1','1430801416','1430801416'), ('23','20','Thông tin Tài khoản','user','admin_edit','','','3','1','1430801416','1430801416'), ('24','0','Cấu hình website','','','','','7','1','1430801416','1430801416'), ('25','24','Cấu hình chung','setting','capnhat','','','1','1','1430801416','1430801416'), ('26','24','Quản lý database','database','man','','','2','1','1430801416','1430801416'), ('27','24','Backup database','backup','backup_database','','','3','1','1430801416','1430801416'), ('28','24','Backup file','backup','backup_file','','','4','1','1430801416','1430801416'), ('29','0','Địa điểm','','','','','8','1','1430801416','1430801416'), ('30','29','Quốc gia','place','man_country','','','1','1','1433749144','1433749144'), ('31','29','Tỉnh thành','place','man_province','','','2','1','1433749144','1433749144'), ('32','29','Quận huyện','place','man_district','','','3','1','1433749144','1433749144');

DROP TABLE IF EXISTS table_user_role;
CREATE TABLE `table_user_role` (  `id` int(11) NOT NULL AUTO_INCREMENT,  `ten` varchar(255) NOT NULL,  `mota` varchar(1024) NOT NULL,  `stt` int(11) NOT NULL,  `hienthi` int(11) NOT NULL,  `ngaytao` int(11) NOT NULL,  `ngaysua` int(11) NOT NULL,  PRIMARY KEY (`id`)) ENGINE=MyISAM AUTO_INCREMENT=4 DEFAULT CHARSET=utf8;
INSERT INTO table_user_role VALUES ('1','Administrator','Nhóm quản trị cao cấp','1','1','1341824779','1433813061'), ('2','Super Moderators','Nhóm quản lý sản phẩm','1','1','1341824779','1431482200'), ('3','Modu','111','1','1','1430809888','0');

DROP TABLE IF EXISTS table_user_role_perms;
CREATE TABLE `table_user_role_perms` (  `id_role` int(11) NOT NULL,  `id_permission` int(11) NOT NULL,  `permission` int(11) NOT NULL COMMENT '1:view, 2:add, 4:edit, 8:delete',  PRIMARY KEY (`id_role`,`id_permission`)) ENGINE=MyISAM AUTO_INCREMENT=2 DEFAULT CHARSET=utf8;
INSERT INTO table_user_role_perms VALUES ('1','28','15'), ('1','27','15'), ('1','26','15'), ('3','3','5'), ('3','1','6'), ('3','2','7'), ('1','25','15'), ('1','23','15'), ('1','22','15'), ('1','21','15'), ('1','19','15'), ('1','18','15'), ('1','17','15'), ('1','15','15'), ('1','14','15'), ('1','12','15'), ('1','11','15'), ('1','10','15'), ('1','9','15'), ('1','7','15'), ('1','6','15'), ('1','4','15'), ('1','3','15'), ('1','2','15'), ('1','32','15'), ('1','31','15'), ('1','30','15'), ('2','2','15');

DROP TABLE IF EXISTS table_yahoo;
CREATE TABLE `table_yahoo` (  `id` int(10) unsigned NOT NULL AUTO_INCREMENT,  `ten` varchar(30) CHARACTER SET utf8 COLLATE utf8_unicode_ci NOT NULL,  `yahoo` varchar(30) CHARACTER SET utf8 COLLATE utf8_unicode_ci NOT NULL,  `skype` varchar(255) COLLATE latin1_general_ci NOT NULL,  `dienthoai` varchar(30) CHARACTER SET utf8 COLLATE utf8_unicode_ci NOT NULL,  `email` varchar(255) COLLATE latin1_general_ci NOT NULL,  `stt` int(3) NOT NULL,  `hienthi` int(2) NOT NULL,  `ngaytao` int(10) NOT NULL,  `ngaysua` int(10) NOT NULL,  PRIMARY KEY (`id`)) ENGINE=MyISAM AUTO_INCREMENT=13 DEFAULT CHARSET=latin1 COLLATE=latin1_general_ci;
INSERT INTO table_yahoo VALUES ('12','Mr.Tinh','gacon.cntt','vipruoi','0932121564','datnguyen138@gmail.com','2','1','1418983766','0'), ('11','Mr.Linh','gacon.cntt','vipruoi','0932129225','linhnguyennina@gmail.com','1','1','1417078913','1418978884');
